x-axis,1,2
second,Volt,Volt
-33.60000E+00,,
-33.57500E+00,+643.22E-03,+2.92928E+00
-33.55000E+00,+675.88E-03,+3.18053E+00
-33.52500E+00,+683.42E-03,+3.57752E+00
-33.50000E+00,-756.28E-03,+3.76847E+00
-33.47500E+00,-763.82E-03,+3.81872E+00
-33.45000E+00,-728.64E-03,+3.22576E+00
-33.42500E+00,-748.74E-03,+3.92928E+00
-33.40000E+00,-723.62E-03,+3.34636E+00
-33.37500E+00,-748.74E-03,+2.40164E+00
-33.35000E+00,-756.28E-03,+2.51722E+00
-33.32500E+00,-748.74E-03,+2.10516E+00
-33.30000E+00,-723.62E-03,+1.75842E+00
-33.27500E+00,-723.62E-03,+1.81370E+00
-33.25000E+00,-723.62E-03,+1.72325E+00
-33.22500E+00,-723.62E-03,+1.05993E+00
-33.20000E+00,-728.64E-03,+1.68305E+00
-33.17500E+00,-748.74E-03,+989.58E-03
-33.15000E+00,-728.64E-03,+567.47E-03
-33.12500E+00,-723.62E-03,+753.40E-03
-33.10000E+00,-756.28E-03,+602.64E-03
-33.07500E+00,-748.74E-03,-221.48E-03
-33.05000E+00,-723.62E-03,+85.06E-03
-33.02500E+00,-748.74E-03,-744.09E-03
-33.00000E+00,+683.42E-03,-372.23E-03
-32.97500E+00,+655.78E-03,-1.07575E+00
-32.95000E+00,+675.88E-03,-764.19E-03
-32.92500E+00,+668.34E-03,-171.23E-03
-32.90000E+00,+683.42E-03,+130.28E-03
-32.87500E+00,+683.42E-03,+306.16E-03
-32.85000E+00,+683.42E-03,-55.65E-03
-32.82500E+00,+655.78E-03,+331.29E-03
-32.80000E+00,+648.24E-03,+1.34134E+00
-32.77500E+00,+683.42E-03,+1.12526E+00
-32.75000E+00,+683.42E-03,+944.35E-03
-32.72500E+00,+655.78E-03,+1.61772E+00
-32.70000E+00,+675.88E-03,+2.02978E+00
-32.67500E+00,+683.42E-03,+2.21068E+00
-32.65000E+00,+683.42E-03,+2.75842E+00
-32.62500E+00,+668.34E-03,+2.34636E+00
-32.60000E+00,+675.88E-03,+3.10013E+00
-32.57500E+00,+683.42E-03,+2.98958E+00
-32.55000E+00,+683.42E-03,+3.74335E+00
-32.52500E+00,+643.22E-03,+3.45189E+00
-32.50000E+00,-545.23E-03,+3.92928E+00
-32.47500E+00,-748.74E-03,+3.76847E+00
-32.45000E+00,-728.64E-03,+3.56244E+00
-32.42500E+00,-723.62E-03,+3.06998E+00
-32.40000E+00,-723.62E-03,+2.82375E+00
-32.37500E+00,-723.62E-03,+2.53229E+00
-32.35000E+00,-723.62E-03,+2.46696E+00
-32.32500E+00,-723.62E-03,+1.99963E+00
-32.30000E+00,-723.62E-03,+2.70817E+00
-32.27500E+00,-723.62E-03,+1.97450E+00
-32.25000E+00,-723.62E-03,+1.84385E+00
-32.22500E+00,-723.62E-03,+1.45691E+00
-32.20000E+00,-723.62E-03,+884.05E-03
-32.17500E+00,-723.62E-03,+1.41169E+00
-32.15000E+00,-728.64E-03,+326.26E-03
-32.12500E+00,-763.82E-03,+657.92E-03
-32.10000E+00,-723.62E-03,+331.29E-03
-32.07500E+00,-723.62E-03,-110.92E-03
-32.05000E+00,-723.62E-03,+190.58E-03
-32.02500E+00,-748.74E-03,-718.96E-03
-32.00000E+00,+643.22E-03,-352.13E-03
-31.97500E+00,+643.22E-03,-598.36E-03
-31.95000E+00,+683.42E-03,-427.51E-03
-31.92500E+00,+683.42E-03,-673.74E-03
-31.90000E+00,+648.24E-03,+140.33E-03
-31.87500E+00,+655.78E-03,+100.13E-03
-31.85000E+00,+643.22E-03,+763.45E-03
-31.82500E+00,+668.34E-03,+899.13E-03
-31.80000E+00,+675.88E-03,+1.07501E+00
-31.77500E+00,+655.78E-03,+1.46194E+00
-31.75000E+00,+648.24E-03,+1.52224E+00
-31.72500E+00,+655.78E-03,+1.87903E+00
-31.70000E+00,+675.88E-03,+1.46696E+00
-31.67500E+00,+668.34E-03,+1.96445E+00
-31.65000E+00,+648.24E-03,+1.97450E+00
-31.62500E+00,+683.42E-03,+2.29109E+00
-31.60000E+00,+675.88E-03,+2.87903E+00
-31.57500E+00,+683.42E-03,+3.06495E+00
-31.55000E+00,+683.42E-03,+3.47702E+00
-31.52500E+00,+683.42E-03,+3.58254E+00
-31.50000E+00,-756.28E-03,+3.97953E+00
-31.47500E+00,-748.74E-03,+4.06495E+00
-31.45000E+00,-723.62E-03,+3.86395E+00
-31.42500E+00,-723.62E-03,+3.16546E+00
-31.40000E+00,-763.82E-03,+3.11018E+00
-31.37500E+00,-723.62E-03,+2.98455E+00
-31.35000E+00,-723.62E-03,+2.86897E+00
-31.32500E+00,-748.74E-03,+2.14536E+00
-31.30000E+00,-723.62E-03,+2.10516E+00
-31.27500E+00,-723.62E-03,+2.09511E+00
-31.25000E+00,-723.62E-03,+1.74837E+00
-31.22500E+00,-763.82E-03,+1.08506E+00
-31.20000E+00,-723.62E-03,+1.14033E+00
-31.17500E+00,-723.62E-03,+934.30E-03
-31.15000E+00,-723.62E-03,+436.81E-03
-31.12500E+00,-723.62E-03,+446.86E-03
-31.10000E+00,-723.62E-03,+391.59E-03
-31.07500E+00,-723.62E-03,-256.65E-03
-31.05000E+00,-723.62E-03,+311.19E-03
-31.02500E+00,-723.62E-03,-226.50E-03
-31.00000E+00,+683.42E-03,-432.53E-03
-30.97500E+00,+668.34E-03,-487.81E-03
-30.95000E+00,+683.42E-03,-543.09E-03
-30.92500E+00,+683.42E-03,-703.89E-03
-30.90000E+00,+683.42E-03,-35.55E-03
-30.87500E+00,+683.42E-03,+240.83E-03
-30.85000E+00,+643.22E-03,+85.06E-03
-30.82500E+00,+683.42E-03,+431.79E-03
-30.80000E+00,+675.88E-03,+1.31119E+00
-30.77500E+00,+655.78E-03,+1.20566E+00
-30.75000E+00,+675.88E-03,+1.31621E+00
-30.72500E+00,+683.42E-03,+1.85892E+00
-30.70000E+00,+683.42E-03,+1.50717E+00
-30.67500E+00,+668.34E-03,+2.49209E+00
-30.65000E+00,+643.22E-03,+1.90415E+00
-30.62500E+00,+655.78E-03,+2.56747E+00
-30.60000E+00,+643.22E-03,+3.02978E+00
-30.57500E+00,+683.42E-03,+3.30616E+00
-30.55000E+00,+648.24E-03,+3.64284E+00
-30.52500E+00,+683.42E-03,+3.29109E+00
-30.50000E+00,-545.23E-03,+3.59259E+00
-30.47500E+00,-723.62E-03,+3.50214E+00
-30.45000E+00,-756.28E-03,+3.91420E+00
-30.42500E+00,-748.74E-03,+3.65792E+00
-30.40000E+00,-756.28E-03,+3.15541E+00
-30.37500E+00,-723.62E-03,+3.19561E+00
-30.35000E+00,-756.28E-03,+2.47199E+00
-30.32500E+00,-736.18E-03,+2.36144E+00
-30.30000E+00,-723.62E-03,+2.10013E+00
-30.27500E+00,-723.62E-03,+1.71320E+00
-30.25000E+00,-723.62E-03,+2.00968E+00
-30.22500E+00,-723.62E-03,+1.62777E+00
-30.20000E+00,-756.28E-03,+1.15038E+00
-30.17500E+00,-723.62E-03,+1.47702E+00
-30.15000E+00,-723.62E-03,+889.08E-03
-30.12500E+00,-748.74E-03,+401.64E-03
-30.10000E+00,-723.62E-03,-156.15E-03
-30.07500E+00,-723.62E-03,+281.04E-03
-30.05000E+00,-723.62E-03,-558.16E-03
-30.02500E+00,-736.18E-03,-869.72E-03
-30.00000E+00,+675.88E-03,-1.10087E+00
-29.97500E+00,+683.42E-03,-769.22E-03
-29.95000E+00,+683.42E-03,-764.19E-03
-29.92500E+00,+655.78E-03,-563.19E-03
-29.90000E+00,+675.88E-03,+230.78E-03
-29.87500E+00,+655.78E-03,+416.71E-03
-29.85000E+00,+643.22E-03,+230.78E-03
-29.82500E+00,+683.42E-03,+848.87E-03
-29.80000E+00,+643.22E-03,+1.39159E+00
-29.77500E+00,+655.78E-03,+1.26596E+00
-29.75000E+00,+683.42E-03,+1.45189E+00
-29.72500E+00,+655.78E-03,+1.55742E+00
-29.70000E+00,+643.22E-03,+1.60767E+00
-29.67500E+00,+643.22E-03,+2.42676E+00
-29.65000E+00,+643.22E-03,+2.04988E+00
-29.62500E+00,+668.34E-03,+2.74837E+00
-29.60000E+00,+683.42E-03,+3.05490E+00
-29.57500E+00,+655.78E-03,+3.00465E+00
-29.55000E+00,+648.24E-03,+3.69812E+00
-29.52500E+00,+668.34E-03,+3.89913E+00
-29.50000E+00,-723.62E-03,+3.37651E+00
-29.47500E+00,-723.62E-03,+3.84887E+00
-29.45000E+00,-723.62E-03,+3.73330E+00
-29.42500E+00,-748.74E-03,+3.69812E+00
-29.40000E+00,-756.28E-03,+2.88405E+00
-29.37500E+00,-723.62E-03,+2.64787E+00
-29.35000E+00,-723.62E-03,+2.41169E+00
-29.32500E+00,-763.82E-03,+2.50717E+00
-29.30000E+00,-723.62E-03,+2.65792E+00
-29.27500E+00,-748.74E-03,+1.87903E+00
-29.25000E+00,-723.62E-03,+1.57249E+00
-29.22500E+00,-723.62E-03,+1.64284E+00
-29.20000E+00,-723.62E-03,+1.41169E+00
-29.17500E+00,-723.62E-03,+733.30E-03
-29.15000E+00,-723.62E-03,+602.64E-03
-29.12500E+00,-723.62E-03,+205.66E-03
-29.10000E+00,-716.08E-03,+4.65E-03
-29.07500E+00,-723.62E-03,+90.08E-03
-29.05000E+00,-728.64E-03,-548.11E-03
-29.02500E+00,-723.62E-03,-176.25E-03
-29.00000E+00,+683.42E-03,-1.01042E+00
-28.97500E+00,+655.78E-03,-1.08077E+00
-28.95000E+00,+675.88E-03,-40.57E-03
-28.92500E+00,+655.78E-03,+175.51E-03
-28.90000E+00,+643.22E-03,-236.55E-03
-28.87500E+00,+683.42E-03,+180.53E-03
-28.85000E+00,+675.88E-03,+306.16E-03
-28.82500E+00,+668.34E-03,+703.15E-03
-28.80000E+00,+648.24E-03,+1.46194E+00
-28.77500E+00,+683.42E-03,+1.13028E+00
-28.75000E+00,+643.22E-03,+1.05490E+00
-28.72500E+00,+655.78E-03,+1.55239E+00
-28.70000E+00,+683.42E-03,+1.61772E+00
-28.67500E+00,+668.34E-03,+2.46194E+00
-28.65000E+00,+648.24E-03,+2.48707E+00
-28.62500E+00,+643.22E-03,+2.58757E+00
-28.60000E+00,+675.88E-03,+2.66294E+00
-28.57500E+00,+683.42E-03,+3.31119E+00
-28.55000E+00,+643.22E-03,+3.36646E+00
-28.52500E+00,+655.78E-03,+3.60264E+00
-28.50000E+00,-723.62E-03,+4.27601E+00
-28.47500E+00,-723.62E-03,+3.78857E+00
-28.45000E+00,-756.28E-03,+3.29611E+00
-28.42500E+00,-763.82E-03,+3.47702E+00
-28.40000E+00,-723.62E-03,+2.73330E+00
-28.37500E+00,-723.62E-03,+3.06495E+00
-28.35000E+00,-723.62E-03,+2.81872E+00
-28.32500E+00,-723.62E-03,+2.28606E+00
-28.30000E+00,-756.28E-03,+2.32124E+00
-28.27500E+00,-748.74E-03,+1.75842E+00
-28.25000E+00,-723.62E-03,+1.81370E+00
-28.22500E+00,-736.18E-03,+1.67802E+00
-28.20000E+00,-723.62E-03,+1.64284E+00
-28.17500E+00,-723.62E-03,+1.47702E+00
-28.15000E+00,-723.62E-03,+577.52E-03
-28.12500E+00,-723.62E-03,+698.12E-03
-28.10000E+00,-728.64E-03,+693.10E-03
-28.07500E+00,-723.62E-03,+527.27E-03
-28.05000E+00,-728.64E-03,+230.78E-03
-28.02500E+00,-736.18E-03,-623.49E-03
-28.00000E+00,+683.42E-03,-638.56E-03
-27.97500E+00,+655.78E-03,-703.89E-03
-27.95000E+00,+648.24E-03,-392.33E-03
-27.92500E+00,+683.42E-03,+4.65E-03
-27.90000E+00,+683.42E-03,-387.31E-03
-27.87500E+00,+683.42E-03,+768.47E-03
-27.85000E+00,+683.42E-03,+175.51E-03
-27.82500E+00,+683.42E-03,+401.64E-03
-27.80000E+00,+675.88E-03,+487.07E-03
-27.77500E+00,+683.42E-03,+1.51722E+00
-27.75000E+00,+675.88E-03,+1.40666E+00
-27.72500E+00,+643.22E-03,+1.54234E+00
-27.70000E+00,+683.42E-03,+2.16043E+00
-27.67500E+00,+655.78E-03,+2.72325E+00
-27.65000E+00,+683.42E-03,+2.62777E+00
-27.62500E+00,+643.22E-03,+2.38656E+00
-27.60000E+00,+675.88E-03,+2.58254E+00
-27.57500E+00,+683.42E-03,+3.48204E+00
-27.55000E+00,+683.42E-03,+3.07501E+00
-27.52500E+00,+683.42E-03,+3.58757E+00
-27.50000E+00,-585.43E-03,+4.12023E+00
-27.47500E+00,-748.74E-03,+3.74837E+00
-27.45000E+00,-763.82E-03,+3.40666E+00
-27.42500E+00,-723.62E-03,+3.22576E+00
-27.40000E+00,-728.64E-03,+3.02475E+00
-27.37500E+00,-723.62E-03,+3.08506E+00
-27.35000E+00,-723.62E-03,+2.56244E+00
-27.32500E+00,-748.74E-03,+2.63279E+00
-27.30000E+00,-728.64E-03,+2.56244E+00
-27.27500E+00,-723.62E-03,+2.00465E+00
-27.25000E+00,-728.64E-03,+1.66294E+00
-27.22500E+00,-723.62E-03,+1.62777E+00
-27.20000E+00,-756.28E-03,+1.24083E+00
-27.17500E+00,-723.62E-03,+1.00968E+00
-27.15000E+00,-723.62E-03,+808.67E-03
-27.12500E+00,-736.18E-03,+562.44E-03
-27.10000E+00,-723.62E-03,+466.96E-03
-27.07500E+00,-723.62E-03,-370E-06
-27.05000E+00,-723.62E-03,-437.56E-03
-27.02500E+00,-736.18E-03,-558.16E-03
-27.00000E+00,+648.24E-03,-181.28E-03
-26.97500E+00,+683.42E-03,-814.44E-03
-26.95000E+00,+683.42E-03,-100.87E-03
-26.92500E+00,+668.34E-03,-417.46E-03
-26.90000E+00,+683.42E-03,-337.06E-03
-26.87500E+00,+683.42E-03,+291.09E-03
-26.85000E+00,+648.24E-03,+215.71E-03
-26.82500E+00,+683.42E-03,+260.93E-03
-26.80000E+00,+675.88E-03,+627.77E-03
-26.77500E+00,+643.22E-03,+949.38E-03
-26.75000E+00,+643.22E-03,+1.07501E+00
-26.72500E+00,+683.42E-03,+1.27601E+00
-26.70000E+00,+683.42E-03,+2.18556E+00
-26.67500E+00,+643.22E-03,+2.21068E+00
-26.65000E+00,+675.88E-03,+2.16043E+00
-26.62500E+00,+643.22E-03,+2.63782E+00
-26.60000E+00,+643.22E-03,+2.97953E+00
-26.57500E+00,+668.34E-03,+3.42676E+00
-26.55000E+00,+675.88E-03,+3.48204E+00
-26.52500E+00,+683.42E-03,+3.64787E+00
-26.50000E+00,-545.23E-03,+4.00465E+00
-26.47500E+00,-723.62E-03,+4.10013E+00
-26.45000E+00,-763.82E-03,+3.83380E+00
-26.42500E+00,-723.62E-03,+3.37149E+00
-26.40000E+00,-756.28E-03,+3.50214E+00
-26.37500E+00,-723.62E-03,+3.04485E+00
-26.35000E+00,-728.64E-03,+2.33129E+00
-26.32500E+00,-723.62E-03,+2.74837E+00
-26.30000E+00,-723.62E-03,+2.51219E+00
-26.27500E+00,-723.62E-03,+2.33129E+00
-26.25000E+00,-723.62E-03,+2.19561E+00
-26.22500E+00,-748.74E-03,+1.31621E+00
-26.20000E+00,-723.62E-03,+1.09008E+00
-26.17500E+00,-748.74E-03,+1.20063E+00
-26.15000E+00,-723.62E-03,+863.95E-03
-26.12500E+00,-763.82E-03,+240.83E-03
-26.10000E+00,-728.64E-03,+120.23E-03
-26.07500E+00,-723.62E-03,+24.75E-03
-26.05000E+00,-723.62E-03,-487.81E-03
-26.02500E+00,-748.74E-03,-573.24E-03
-26.00000E+00,+683.42E-03,-960.17E-03
-25.97500E+00,+655.78E-03,-543.09E-03
-25.95000E+00,+643.22E-03,-779.27E-03
-25.92500E+00,+668.34E-03,-357.16E-03
-25.90000E+00,+675.88E-03,-271.73E-03
-25.87500E+00,+683.42E-03,-161.18E-03
-25.85000E+00,+643.22E-03,+215.71E-03
-25.82500E+00,+683.42E-03,+642.84E-03
-25.80000E+00,+675.88E-03,+1.41169E+00
-25.77500E+00,+643.22E-03,+1.11018E+00
-25.75000E+00,+648.24E-03,+1.37651E+00
-25.72500E+00,+668.34E-03,+1.98455E+00
-25.70000E+00,+648.24E-03,+1.69812E+00
-25.67500E+00,+655.78E-03,+1.95440E+00
-25.65000E+00,+683.42E-03,+2.24083E+00
-25.62500E+00,+655.78E-03,+2.58757E+00
-25.60000E+00,+643.22E-03,+2.93430E+00
-25.57500E+00,+655.78E-03,+3.25591E+00
-25.55000E+00,+648.24E-03,+3.31119E+00
-25.52500E+00,+683.42E-03,+3.70817E+00
-25.50000E+00,-550.25E-03,+3.78857E+00
-25.47500E+00,-723.62E-03,+3.88405E+00
-25.45000E+00,-756.28E-03,+3.46696E+00
-25.42500E+00,-748.74E-03,+3.50717E+00
-25.40000E+00,-723.62E-03,+3.60264E+00
-25.37500E+00,-723.62E-03,+3.47199E+00
-25.35000E+00,-728.64E-03,+3.25088E+00
-25.32500E+00,-723.62E-03,+2.97450E+00
-25.30000E+00,-728.64E-03,+1.84887E+00
-25.27500E+00,-723.62E-03,+1.76345E+00
-25.25000E+00,-723.62E-03,+2.03983E+00
-25.22500E+00,-736.18E-03,+1.44686E+00
-25.20000E+00,-723.62E-03,+1.76345E+00
-25.17500E+00,-748.74E-03,+1.16546E+00
-25.15000E+00,-723.62E-03,+1.27098E+00
-25.12500E+00,-748.74E-03,+909.18E-03
-25.10000E+00,-723.62E-03,+276.01E-03
-25.07500E+00,-723.62E-03,+155.41E-03
-25.05000E+00,-728.64E-03,-467.71E-03
-25.02500E+00,-723.62E-03,-658.66E-03
-25.00000E+00,+683.42E-03,-533.04E-03
-24.97500E+00,+683.42E-03,-593.34E-03
-24.95000E+00,+643.22E-03,-156.15E-03
-24.92500E+00,+668.34E-03,-60.67E-03
-24.90000E+00,+675.88E-03,-75.75E-03
-24.87500E+00,+655.78E-03,+607.67E-03
-24.85000E+00,+683.42E-03,+512.19E-03
-24.82500E+00,+668.34E-03,+602.64E-03
-24.80000E+00,+683.42E-03,+954.40E-03
-24.77500E+00,+643.22E-03,+1.08003E+00
-24.75000E+00,+648.24E-03,+1.29611E+00
-24.72500E+00,+655.78E-03,+2.18556E+00
-24.70000E+00,+643.22E-03,+2.13531E+00
-24.67500E+00,+643.22E-03,+2.00465E+00
-24.65000E+00,+675.88E-03,+2.78857E+00
-24.62500E+00,+643.22E-03,+2.93933E+00
-24.60000E+00,+643.22E-03,+2.81370E+00
-24.57500E+00,+655.78E-03,+3.22576E+00
-24.55000E+00,+675.88E-03,+3.37651E+00
-24.52500E+00,+643.22E-03,+3.97953E+00
-24.50000E+00,-550.25E-03,+3.88405E+00
-24.47500E+00,-736.18E-03,+4.13531E+00
-24.45000E+00,-756.28E-03,+3.79360E+00
-24.42500E+00,-723.62E-03,+3.52727E+00
-24.40000E+00,-756.28E-03,+3.42174E+00
-24.37500E+00,-723.62E-03,+3.43681E+00
-24.35000E+00,-723.62E-03,+3.06998E+00
-24.32500E+00,-736.18E-03,+2.59259E+00
-24.30000E+00,-723.62E-03,+2.21068E+00
-24.27500E+00,-748.74E-03,+1.99460E+00
-24.25000E+00,-723.62E-03,+1.97450E+00
-24.22500E+00,-748.74E-03,+1.80867E+00
-24.20000E+00,-756.28E-03,+1.31119E+00
-24.17500E+00,-723.62E-03,+899.13E-03
-24.15000E+00,-728.64E-03,+989.58E-03
-24.12500E+00,-723.62E-03,+889.08E-03
-24.10000E+00,-723.62E-03,+44.85E-03
-24.07500E+00,-723.62E-03,+482.04E-03
-24.05000E+00,-756.28E-03,+210.68E-03
-24.02500E+00,-723.62E-03,-276.75E-03
-24.00000E+00,+683.42E-03,-623.49E-03
-23.97500E+00,+683.42E-03,-904.89E-03
-23.95000E+00,+683.42E-03,-749.12E-03
-23.92500E+00,+668.34E-03,-186.30E-03
-23.90000E+00,+675.88E-03,-136.05E-03
-23.87500E+00,+643.22E-03,+321.24E-03
-23.85000E+00,+648.24E-03,+477.02E-03
-23.82500E+00,+683.42E-03,+431.79E-03
-23.80000E+00,+648.24E-03,+874.00E-03
-23.77500E+00,+668.34E-03,+1.17048E+00
-23.75000E+00,+675.88E-03,+1.50717E+00
-23.72500E+00,+668.34E-03,+1.36144E+00
-23.70000E+00,+648.24E-03,+2.09008E+00
-23.67500E+00,+655.78E-03,+2.36144E+00
-23.65000E+00,+683.42E-03,+2.19561E+00
-23.62500E+00,+655.78E-03,+2.96948E+00
-23.60000E+00,+648.24E-03,+2.74335E+00
-23.57500E+00,+683.42E-03,+3.51722E+00
-23.55000E+00,+643.22E-03,+3.57752E+00
-23.52500E+00,+683.42E-03,+3.52727E+00
-23.50000E+00,-545.23E-03,+3.66797E+00
-23.47500E+00,-736.18E-03,+3.89913E+00
-23.45000E+00,-756.28E-03,+3.77852E+00
-23.42500E+00,-723.62E-03,+3.42174E+00
-23.40000E+00,-723.62E-03,+2.93430E+00
-23.37500E+00,-748.74E-03,+3.14536E+00
-23.35000E+00,-728.64E-03,+2.46696E+00
-23.32500E+00,-723.62E-03,+2.73832E+00
-23.30000E+00,-723.62E-03,+2.78857E+00
-23.27500E+00,-723.62E-03,+2.40666E+00
-23.25000E+00,-723.62E-03,+2.12023E+00
-23.22500E+00,-733.67E-03,+1.41671E+00
-23.20000E+00,-723.62E-03,+1.34636E+00
-23.17500E+00,-723.62E-03,+1.23581E+00
-23.15000E+00,-723.62E-03,+1.24083E+00
-23.12500E+00,-723.62E-03,+456.91E-03
-23.10000E+00,-756.28E-03,+351.39E-03
-23.07500E+00,-723.62E-03,-370E-06
-23.05000E+00,-723.62E-03,-40.57E-03
-23.02500E+00,-723.62E-03,-708.91E-03
-23.00000E+00,+648.24E-03,-950.12E-03
-22.97500E+00,+683.42E-03,-141.08E-03
-22.95000E+00,+683.42E-03,-829.52E-03
-22.92500E+00,+668.34E-03,-533.04E-03
-22.90000E+00,+683.42E-03,-271.73E-03
-22.87500E+00,+655.78E-03,+421.74E-03
-22.85000E+00,+648.24E-03,+105.16E-03
-22.82500E+00,+655.78E-03,+552.39E-03
-22.80000E+00,+648.24E-03,+944.35E-03
-22.77500E+00,+655.78E-03,+1.40666E+00
-22.75000E+00,+675.88E-03,+2.05490E+00
-22.72500E+00,+668.34E-03,+1.51219E+00
-22.70000E+00,+675.88E-03,+1.66797E+00
-22.67500E+00,+655.78E-03,+2.44184E+00
-22.65000E+00,+648.24E-03,+2.81370E+00
-22.62500E+00,+655.78E-03,+2.97450E+00
-22.60000E+00,+648.24E-03,+3.08003E+00
-22.57500E+00,+668.34E-03,+3.37149E+00
-22.55000E+00,+683.42E-03,+3.13531E+00
-22.52500E+00,+643.22E-03,+3.65792E+00
-22.50000E+00,-723.62E-03,+3.43681E+00
-22.47500E+00,-723.62E-03,+3.83882E+00
-22.45000E+00,-728.64E-03,+4.26093E+00
-22.42500E+00,-748.74E-03,+3.32124E+00
-22.40000E+00,-756.28E-03,+2.81370E+00
-22.37500E+00,-723.62E-03,+2.81370E+00
-22.35000E+00,-723.62E-03,+3.19058E+00
-22.32500E+00,-723.62E-03,+3.04485E+00
-22.30000E+00,-723.62E-03,+2.69812E+00
-22.27500E+00,-736.18E-03,+2.13028E+00
-22.25000E+00,-728.64E-03,+1.41671E+00
-22.22500E+00,-723.62E-03,+1.11521E+00
-22.20000E+00,-763.82E-03,+858.92E-03
-22.17500E+00,-736.18E-03,+1.02475E+00
-22.15000E+00,-756.28E-03,+1.09008E+00
-22.12500E+00,-748.74E-03,+683.05E-03
-22.10000E+00,-723.62E-03,-25.50E-03
-22.07500E+00,-723.62E-03,+381.54E-03
-22.05000E+00,-723.62E-03,+59.93E-03
-22.02500E+00,-723.62E-03,-834.54E-03
-22.00000E+00,+675.88E-03,-1.05565E+00
-21.97500E+00,+655.78E-03,-1.01545E+00
-21.95000E+00,+648.24E-03,-583.29E-03
-21.92500E+00,+655.78E-03,-623.49E-03
-21.90000E+00,+675.88E-03,+19.73E-03
-21.87500E+00,+683.42E-03,-141.08E-03
-21.85000E+00,+683.42E-03,+552.39E-03
-21.82500E+00,+683.42E-03,+441.84E-03
-21.80000E+00,+648.24E-03,+507.17E-03
-21.77500E+00,+668.34E-03,+1.00968E+00
-21.75000E+00,+643.22E-03,+1.82375E+00
-21.72500E+00,+643.22E-03,+2.21068E+00
-21.70000E+00,+683.42E-03,+1.67802E+00
-21.67500E+00,+655.78E-03,+1.90415E+00
-21.65000E+00,+683.42E-03,+2.09008E+00
-21.62500E+00,+655.78E-03,+2.24083E+00
-21.60000E+00,+683.42E-03,+2.53229E+00
-21.57500E+00,+655.78E-03,+3.13028E+00
-21.55000E+00,+648.24E-03,+2.99460E+00
-21.52500E+00,+668.34E-03,+4.03480E+00
-21.50000E+00,-545.23E-03,+4.30616E+00
-21.47500E+00,-736.18E-03,+3.82375E+00
-21.45000E+00,-723.62E-03,+3.70817E+00
-21.42500E+00,-723.62E-03,+3.20063E+00
-21.40000E+00,-756.28E-03,+3.10516E+00
-21.37500E+00,-723.62E-03,+3.14536E+00
-21.35000E+00,-723.62E-03,+2.92425E+00
-21.32500E+00,-723.62E-03,+2.29611E+00
-21.30000E+00,-723.62E-03,+1.85892E+00
-21.27500E+00,-723.62E-03,+1.96445E+00
-21.25000E+00,-728.64E-03,+1.29611E+00
-21.22500E+00,-723.62E-03,+1.32124E+00
-21.20000E+00,-728.64E-03,+1.15038E+00
-21.17500E+00,-748.74E-03,+979.53E-03
-21.15000E+00,-763.82E-03,+657.92E-03
-21.12500E+00,-723.62E-03,+371.49E-03
-21.10000E+00,-723.62E-03,+255.91E-03
-21.07500E+00,-748.74E-03,+205.66E-03
-21.05000E+00,-723.62E-03,-327.00E-03
-21.02500E+00,-763.82E-03,-347.11E-03
-21.00000E+00,+683.42E-03,-593.34E-03
-20.97500E+00,+683.42E-03,-955.15E-03
-20.95000E+00,+675.88E-03,-904.89E-03
-20.92500E+00,+668.34E-03,-397.36E-03
-20.90000E+00,+648.24E-03,-70.72E-03
-20.87500E+00,+683.42E-03,+19.73E-03
-20.85000E+00,+683.42E-03,+667.97E-03
-20.82500E+00,+643.22E-03,+260.93E-03
-20.80000E+00,+675.88E-03,+1.14536E+00
-20.77500E+00,+655.78E-03,+1.09008E+00
-20.75000E+00,+675.88E-03,+1.48204E+00
-20.72500E+00,+655.78E-03,+1.41169E+00
-20.70000E+00,+683.42E-03,+1.52727E+00
-20.67500E+00,+643.22E-03,+1.80867E+00
-20.65000E+00,+675.88E-03,+2.19058E+00
-20.62500E+00,+668.34E-03,+2.44184E+00
-20.60000E+00,+643.22E-03,+2.98958E+00
-20.57500E+00,+683.42E-03,+2.93430E+00
-20.55000E+00,+683.42E-03,+3.62274E+00
-20.52500E+00,+655.78E-03,+3.70817E+00
-20.50000E+00,-550.25E-03,+3.51219E+00
-20.47500E+00,-736.18E-03,+4.08003E+00
-20.45000E+00,-723.62E-03,+3.92928E+00
-20.42500E+00,-723.62E-03,+3.71822E+00
-20.40000E+00,-723.62E-03,+3.02978E+00
-20.37500E+00,-723.62E-03,+2.58757E+00
-20.35000E+00,-723.62E-03,+2.92425E+00
-20.32500E+00,-723.62E-03,+2.52224E+00
-20.30000E+00,-728.64E-03,+1.88908E+00
-20.27500E+00,-748.74E-03,+2.20063E+00
-20.25000E+00,-723.62E-03,+1.68807E+00
-20.22500E+00,-723.62E-03,+1.61269E+00
-20.20000E+00,-723.62E-03,+1.37651E+00
-20.17500E+00,-723.62E-03,+1.24586E+00
-20.15000E+00,-723.62E-03,+843.85E-03
-20.12500E+00,-723.62E-03,+301.14E-03
-20.10000E+00,-728.64E-03,-95.85E-03
-20.07500E+00,-723.62E-03,-5.40E-03
-20.05000E+00,-723.62E-03,-558.16E-03
-20.02500E+00,-723.62E-03,-558.16E-03
-20.00000E+00,+675.88E-03,-1.05565E+00
-19.97500E+00,+643.22E-03,-899.87E-03
-19.95000E+00,+648.24E-03,-598.36E-03
-19.92500E+00,+668.34E-03,-296.85E-03
-19.90000E+00,+675.88E-03,+90.08E-03
-19.87500E+00,+668.34E-03,-50.62E-03
-19.85000E+00,+675.88E-03,+356.41E-03
-19.82500E+00,+643.22E-03,+502.14E-03
-19.80000E+00,+683.42E-03,+1.13531E+00
-19.77500E+00,+683.42E-03,+773.50E-03
-19.75000E+00,+643.22E-03,+1.58254E+00
-19.72500E+00,+668.34E-03,+1.51219E+00
-19.70000E+00,+683.42E-03,+1.43681E+00
-19.67500E+00,+655.78E-03,+2.33631E+00
-19.65000E+00,+683.42E-03,+2.00968E+00
-19.62500E+00,+643.22E-03,+2.72827E+00
-19.60000E+00,+648.24E-03,+2.35139E+00
-19.57500E+00,+683.42E-03,+2.96445E+00
-19.55000E+00,+648.24E-03,+3.04485E+00
-19.52500E+00,+683.42E-03,+3.42174E+00
-19.50000E+00,-723.62E-03,+3.63782E+00
-19.47500E+00,-723.62E-03,+3.98958E+00
-19.45000E+00,-756.28E-03,+3.73832E+00
-19.42500E+00,-723.62E-03,+3.21571E+00
-19.40000E+00,-723.62E-03,+2.77350E+00
-19.37500E+00,-736.18E-03,+2.66294E+00
-19.35000E+00,-723.62E-03,+2.32124E+00
-19.32500E+00,-723.62E-03,+2.55239E+00
-19.30000E+00,-723.62E-03,+2.41671E+00
-19.27500E+00,-723.62E-03,+2.09511E+00
-19.25000E+00,-723.62E-03,+1.91420E+00
-19.22500E+00,-723.62E-03,+1.30114E+00
-19.20000E+00,-723.62E-03,+939.33E-03
-19.17500E+00,-736.18E-03,+642.84E-03
-19.15000E+00,-723.62E-03,+939.33E-03
-19.12500E+00,-723.62E-03,+341.34E-03
-19.10000E+00,-723.62E-03,+532.29E-03
-19.07500E+00,-723.62E-03,+125.26E-03
-19.05000E+00,-723.62E-03,-141.08E-03
-19.02500E+00,-723.62E-03,-668.71E-03
-19.00000E+00,+675.88E-03,-387.31E-03
-18.97500E+00,+655.78E-03,-628.51E-03
-18.95000E+00,+683.42E-03,-156.15E-03
-18.92500E+00,+683.42E-03,-397.36E-03
-18.90000E+00,+683.42E-03,+90.08E-03
-18.87500E+00,+683.42E-03,+451.89E-03
-18.85000E+00,+683.42E-03,+748.37E-03
-18.82500E+00,+668.34E-03,+818.72E-03
-18.80000E+00,+648.24E-03,+657.92E-03
-18.77500E+00,+668.34E-03,+1.26596E+00
-18.75000E+00,+675.88E-03,+1.48707E+00
-18.72500E+00,+668.34E-03,+1.66797E+00
-18.70000E+00,+675.88E-03,+1.84887E+00
-18.67500E+00,+643.22E-03,+1.80365E+00
-18.65000E+00,+683.42E-03,+2.59259E+00
-18.62500E+00,+668.34E-03,+2.83882E+00
-18.60000E+00,+683.42E-03,+2.60264E+00
-18.57500E+00,+683.42E-03,+2.84887E+00
-18.55000E+00,+648.24E-03,+3.63279E+00
-18.52500E+00,+668.34E-03,+3.87400E+00
-18.50000E+00,-550.25E-03,+4.13531E+00
-18.47500E+00,-736.18E-03,+3.73832E+00
-18.45000E+00,-723.62E-03,+4.13531E+00
-18.42500E+00,-723.62E-03,+3.27601E+00
-18.40000E+00,-756.28E-03,+3.14536E+00
-18.37500E+00,-723.62E-03,+3.11018E+00
-18.35000E+00,-723.62E-03,+2.72827E+00
-18.32500E+00,-723.62E-03,+2.56747E+00
-18.30000E+00,-723.62E-03,+2.10013E+00
-18.27500E+00,-723.62E-03,+1.53732E+00
-18.25000E+00,-756.28E-03,+1.67802E+00
-18.22500E+00,-763.82E-03,+1.38154E+00
-18.20000E+00,-723.62E-03,+1.19561E+00
-18.17500E+00,-723.62E-03,+763.45E-03
-18.15000E+00,-723.62E-03,+451.89E-03
-18.12500E+00,-708.54E-03,+130.28E-03
-18.10000E+00,-723.62E-03,+542.34E-03
-18.07500E+00,-723.62E-03,+150.38E-03
-18.05000E+00,-723.62E-03,-311.93E-03
-18.02500E+00,-723.62E-03,-517.96E-03
-18.00000E+00,+648.24E-03,-854.64E-03
-17.97500E+00,+668.34E-03,-809.42E-03
-17.95000E+00,+675.88E-03,-533.04E-03
-17.92500E+00,+683.42E-03,-533.04E-03
-17.90000E+00,+675.88E-03,+90.08E-03
-17.87500E+00,+683.42E-03,+95.11E-03
-17.85000E+00,+675.88E-03,+24.75E-03
-17.82500E+00,+668.34E-03,+1.00968E+00
-17.80000E+00,+648.24E-03,+1.26093E+00
-17.77500E+00,+683.42E-03,+1.40666E+00
-17.75000E+00,+683.42E-03,+1.16043E+00
-17.72500E+00,+655.78E-03,+1.77852E+00
-17.70000E+00,+648.24E-03,+1.87903E+00
-17.67500E+00,+655.78E-03,+1.62274E+00
-17.65000E+00,+675.88E-03,+2.13531E+00
-17.62500E+00,+668.34E-03,+2.74335E+00
-17.60000E+00,+683.42E-03,+3.17048E+00
-17.57500E+00,+643.22E-03,+3.15038E+00
-17.55000E+00,+675.88E-03,+3.43179E+00
-17.52500E+00,+668.34E-03,+3.91923E+00
-17.50000E+00,-545.23E-03,+3.70817E+00
-17.47500E+00,-723.62E-03,+3.41671E+00
-17.45000E+00,-723.62E-03,+3.56747E+00
-17.42500E+00,-723.62E-03,+3.53732E+00
-17.40000E+00,-723.62E-03,+3.57249E+00
-17.37500E+00,-723.62E-03,+2.97450E+00
-17.35000E+00,-723.62E-03,+2.30114E+00
-17.32500E+00,-748.74E-03,+2.47199E+00
-17.30000E+00,-723.62E-03,+1.86897E+00
-17.27500E+00,-723.62E-03,+1.59762E+00
-17.25000E+00,-756.28E-03,+2.11521E+00
-17.22500E+00,-736.18E-03,+1.68807E+00
-17.20000E+00,-723.62E-03,+1.04485E+00
-17.17500E+00,-723.62E-03,+1.43681E+00
-17.15000E+00,-723.62E-03,+522.24E-03
-17.12500E+00,-723.62E-03,+366.46E-03
-17.10000E+00,-723.62E-03,-216.45E-03
-17.07500E+00,-748.74E-03,+286.06E-03
-17.05000E+00,-756.28E-03,-306.90E-03
-17.02500E+00,-723.62E-03,-417.46E-03
-17.00000E+00,+648.24E-03,-1.11092E+00
-16.97500E+00,+683.42E-03,-1.14610E+00
-16.95000E+00,+675.88E-03,-291.83E-03
-16.92500E+00,+683.42E-03,-512.93E-03
-16.90000E+00,+648.24E-03,-397.36E-03
-16.87500E+00,+683.42E-03,+80.03E-03
-16.85000E+00,+683.42E-03,+115.21E-03
-16.82500E+00,+683.42E-03,+180.53E-03
-16.80000E+00,+683.42E-03,+738.32E-03
-16.77500E+00,+643.22E-03,+1.18556E+00
-16.75000E+00,+683.42E-03,+1.35641E+00
-16.72500E+00,+683.42E-03,+1.28104E+00
-16.70000E+00,+683.42E-03,+1.78857E+00
-16.67500E+00,+643.22E-03,+1.88405E+00
-16.65000E+00,+683.42E-03,+2.38656E+00
-16.62500E+00,+655.78E-03,+2.46194E+00
-16.60000E+00,+648.24E-03,+3.28104E+00
-16.57500E+00,+655.78E-03,+3.12526E+00
-16.55000E+00,+683.42E-03,+3.04485E+00
-16.52500E+00,+683.42E-03,+3.85892E+00
-16.50000E+00,-545.23E-03,+3.37651E+00
-16.47500E+00,-736.18E-03,+3.51722E+00
-16.45000E+00,-723.62E-03,+3.71320E+00
-16.42500E+00,-723.62E-03,+3.53732E+00
-16.40000E+00,-756.28E-03,+2.85892E+00
-16.37500E+00,-736.18E-03,+2.74837E+00
-16.35000E+00,-763.82E-03,+2.48204E+00
-16.32500E+00,-736.18E-03,+2.48204E+00
-16.30000E+00,-756.28E-03,+2.51219E+00
-16.27500E+00,-736.18E-03,+1.84385E+00
-16.25000E+00,-723.62E-03,+1.90415E+00
-16.22500E+00,-723.62E-03,+1.78355E+00
-16.20000E+00,-723.62E-03,+1.62274E+00
-16.17500E+00,-723.62E-03,+874.00E-03
-16.15000E+00,-723.62E-03,+255.91E-03
-16.12500E+00,-763.82E-03,+49.88E-03
-16.10000E+00,-756.28E-03,+753.40E-03
-16.07500E+00,-736.18E-03,-370E-06
-16.05000E+00,-763.82E-03,-50.62E-03
-16.02500E+00,-748.74E-03,-869.72E-03
-16.00000E+00,+648.24E-03,-638.56E-03
-15.97500E+00,+655.78E-03,-708.91E-03
-15.95000E+00,+683.42E-03,-110.92E-03
-15.92500E+00,+655.78E-03,-95.85E-03
-15.90000E+00,+675.88E-03,+44.85E-03
-15.87500E+00,+683.42E-03,+19.73E-03
-15.85000E+00,+643.22E-03,+823.75E-03
-15.82500E+00,+683.42E-03,+441.84E-03
-15.80000E+00,+648.24E-03,+542.34E-03
-15.77500E+00,+643.22E-03,+944.35E-03
-15.75000E+00,+675.88E-03,+1.22576E+00
-15.72500E+00,+668.34E-03,+1.69812E+00
-15.70000E+00,+683.42E-03,+1.91420E+00
-15.67500E+00,+683.42E-03,+2.14033E+00
-15.65000E+00,+683.42E-03,+2.46696E+00
-15.62500E+00,+683.42E-03,+2.24083E+00
-15.60000E+00,+643.22E-03,+2.90918E+00
-15.57500E+00,+683.42E-03,+2.89410E+00
-15.55000E+00,+648.24E-03,+3.66294E+00
-15.52500E+00,+655.78E-03,+3.45189E+00
-15.50000E+00,-550.25E-03,+4.07501E+00
-15.47500E+00,-723.62E-03,+4.06998E+00
-15.45000E+00,-723.62E-03,+4.17048E+00
-15.42500E+00,-723.62E-03,+3.71822E+00
-15.40000E+00,-723.62E-03,+2.85892E+00
-15.37500E+00,-723.62E-03,+2.48204E+00
-15.35000E+00,-723.62E-03,+3.03983E+00
-15.32500E+00,-723.62E-03,+2.40164E+00
-15.30000E+00,-723.62E-03,+1.78857E+00
-15.27500E+00,-723.62E-03,+1.71822E+00
-15.25000E+00,-723.62E-03,+2.11018E+00
-15.22500E+00,-723.62E-03,+1.35641E+00
-15.20000E+00,-728.64E-03,+1.73330E+00
-15.17500E+00,-748.74E-03,+1.03983E+00
-15.15000E+00,-723.62E-03,+336.31E-03
-15.12500E+00,-736.18E-03,+250.88E-03
-15.10000E+00,-756.28E-03,+401.64E-03
-15.07500E+00,-723.62E-03,-156.15E-03
-15.05000E+00,-723.62E-03,+140.33E-03
-15.02500E+00,-748.74E-03,-156.15E-03
-15.00000E+00,+643.22E-03,-1.02047E+00
-14.97500E+00,+655.78E-03,-945.10E-03
-14.95000E+00,+675.88E-03,-1.05565E+00
-14.92500E+00,+655.78E-03,-703.89E-03
-14.90000E+00,+675.88E-03,-166.20E-03
-14.87500E+00,+683.42E-03,+165.46E-03
-14.85000E+00,+683.42E-03,+401.64E-03
-14.82500E+00,+683.42E-03,+924.25E-03
-14.80000E+00,+683.42E-03,+1.26093E+00
-14.77500E+00,+643.22E-03,+1.11018E+00
-14.75000E+00,+675.88E-03,+1.72325E+00
-14.72500E+00,+683.42E-03,+1.35139E+00
-14.70000E+00,+643.22E-03,+1.64284E+00
-14.67500E+00,+655.78E-03,+2.00968E+00
-14.65000E+00,+683.42E-03,+1.83882E+00
-14.62500E+00,+683.42E-03,+2.61269E+00
-14.60000E+00,+648.24E-03,+2.84887E+00
-14.57500E+00,+683.42E-03,+3.19058E+00
-14.55000E+00,+648.24E-03,+3.67299E+00
-14.52500E+00,+643.22E-03,+3.04485E+00
-14.50000E+00,-545.23E-03,+3.94938E+00
-14.47500E+00,-748.74E-03,+3.72325E+00
-14.45000E+00,-723.62E-03,+3.27601E+00
-14.42500E+00,-723.62E-03,+3.45691E+00
-14.40000E+00,-723.62E-03,+3.50214E+00
-14.37500E+00,-723.62E-03,+2.76345E+00
-14.35000E+00,-728.64E-03,+3.09008E+00
-14.32500E+00,-723.62E-03,+2.60264E+00
-14.30000E+00,-723.62E-03,+2.04988E+00
-14.27500E+00,-723.62E-03,+1.85390E+00
-14.25000E+00,-723.62E-03,+1.92425E+00
-14.22500E+00,-723.62E-03,+1.39159E+00
-14.20000E+00,-728.64E-03,+1.68305E+00
-14.17500E+00,-723.62E-03,+853.90E-03
-14.15000E+00,-756.28E-03,+582.54E-03
-14.12500E+00,-723.62E-03,+698.12E-03
-14.10000E+00,-723.62E-03,-65.70E-03
-14.07500E+00,-736.18E-03,-387.31E-03
-14.05000E+00,-723.62E-03,+311.19E-03
-14.02500E+00,-723.62E-03,-452.63E-03
-14.00000E+00,+683.42E-03,-1.15113E+00
-13.97500E+00,+668.34E-03,-713.94E-03
-13.95000E+00,+683.42E-03,-482.78E-03
-13.92500E+00,+655.78E-03,-387.31E-03
-13.90000E+00,+648.24E-03,+39.83E-03
-13.87500E+00,+668.34E-03,+29.78E-03
-13.85000E+00,+648.24E-03,+456.91E-03
-13.82500E+00,+655.78E-03,+688.07E-03
-13.80000E+00,+683.42E-03,+577.52E-03
-13.77500E+00,+683.42E-03,+1.43681E+00
-13.75000E+00,+643.22E-03,+1.50214E+00
-13.72500E+00,+655.78E-03,+1.14033E+00
-13.70000E+00,+643.22E-03,+1.49209E+00
-13.67500E+00,+683.42E-03,+1.99460E+00
-13.65000E+00,+675.88E-03,+2.06998E+00
-13.62500E+00,+683.42E-03,+2.27601E+00
-13.60000E+00,+648.24E-03,+2.78857E+00
-13.57500E+00,+683.42E-03,+3.46696E+00
-13.55000E+00,+683.42E-03,+3.00465E+00
-13.52500E+00,+683.42E-03,+3.75340E+00
-13.50000E+00,-545.23E-03,+3.48707E+00
-13.47500E+00,-723.62E-03,+3.64284E+00
-13.45000E+00,-728.64E-03,+3.33631E+00
-13.42500E+00,-748.74E-03,+3.49209E+00
-13.40000E+00,-723.62E-03,+3.06495E+00
-13.37500E+00,-723.62E-03,+3.05490E+00
-13.35000E+00,-723.62E-03,+2.57752E+00
-13.32500E+00,-723.62E-03,+2.79360E+00
-13.30000E+00,-723.62E-03,+1.88908E+00
-13.27500E+00,-723.62E-03,+1.73330E+00
-13.25000E+00,-756.28E-03,+1.67802E+00
-13.22500E+00,-723.62E-03,+1.37651E+00
-13.20000E+00,-723.62E-03,+1.03480E+00
-13.17500E+00,-723.62E-03,+662.94E-03
-13.15000E+00,-728.64E-03,+306.16E-03
-13.12500E+00,-723.62E-03,+326.26E-03
-13.10000E+00,-756.28E-03,-216.45E-03
-13.07500E+00,-736.18E-03,-492.83E-03
-13.05000E+00,-723.62E-03,-241.58E-03
-13.02500E+00,-748.74E-03,-75.75E-03
-13.00000E+00,+675.88E-03,-1.13103E+00
-12.97500E+00,+655.78E-03,-869.72E-03
-12.95000E+00,+683.42E-03,-930.02E-03
-12.92500E+00,+655.78E-03,-402.38E-03
-12.90000E+00,+683.42E-03,+29.78E-03
-12.87500E+00,+683.42E-03,+180.53E-03
-12.85000E+00,+683.42E-03,+34.80E-03
-12.82500E+00,+643.22E-03,+361.44E-03
-12.80000E+00,+648.24E-03,+537.32E-03
-12.77500E+00,+683.42E-03,+838.82E-03
-12.75000E+00,+683.42E-03,+1.30616E+00
-12.72500E+00,+683.42E-03,+1.67802E+00
-12.70000E+00,+648.24E-03,+1.57249E+00
-12.67500E+00,+683.42E-03,+2.26596E+00
-12.65000E+00,+648.24E-03,+1.86897E+00
-12.62500E+00,+655.78E-03,+2.93430E+00
-12.60000E+00,+648.24E-03,+2.94938E+00
-12.57500E+00,+655.78E-03,+3.18053E+00
-12.55000E+00,+675.88E-03,+2.78857E+00
-12.52500E+00,+655.78E-03,+3.50214E+00
-12.50000E+00,-545.23E-03,+3.78355E+00
-12.47500E+00,-736.18E-03,+3.91420E+00
-12.45000E+00,-723.62E-03,+3.23581E+00
-12.42500E+00,-723.62E-03,+3.10013E+00
-12.40000E+00,-723.62E-03,+3.27098E+00
-12.37500E+00,-748.74E-03,+2.75842E+00
-12.35000E+00,-728.64E-03,+2.91420E+00
-12.32500E+00,-723.62E-03,+2.20566E+00
-12.30000E+00,-723.62E-03,+1.62777E+00
-12.27500E+00,-748.74E-03,+1.88908E+00
-12.25000E+00,-723.62E-03,+2.03480E+00
-12.22500E+00,-723.62E-03,+1.38154E+00
-12.20000E+00,-756.28E-03,+974.50E-03
-12.17500E+00,-723.62E-03,+562.44E-03
-12.15000E+00,-723.62E-03,+165.46E-03
-12.12500E+00,-736.18E-03,+215.71E-03
-12.10000E+00,-756.28E-03,-35.55E-03
-12.07500E+00,-723.62E-03,-432.53E-03
-12.05000E+00,-723.62E-03,-30.52E-03
-12.02500E+00,-723.62E-03,-799.37E-03
-12.00000E+00,+648.24E-03,-774.24E-03
-11.97500E+00,+668.34E-03,-739.07E-03
-11.95000E+00,+683.42E-03,-1.02047E+00
-11.92500E+00,+668.34E-03,-206.40E-03
-11.90000E+00,+683.42E-03,+270.98E-03
-11.87500E+00,+668.34E-03,-211.43E-03
-11.85000E+00,+683.42E-03,+552.39E-03
-11.82500E+00,+668.34E-03,+828.77E-03
-11.80000E+00,+648.24E-03,+1.10013E+00
-11.77500E+00,+683.42E-03,+813.70E-03
-11.75000E+00,+675.88E-03,+1.22576E+00
-11.72500E+00,+643.22E-03,+1.59259E+00
-11.70000E+00,+648.24E-03,+2.00968E+00
-11.67500E+00,+668.34E-03,+2.10516E+00
-11.65000E+00,+643.22E-03,+2.64284E+00
-11.62500E+00,+668.34E-03,+2.66797E+00
-11.60000E+00,+675.88E-03,+2.38154E+00
-11.57500E+00,+655.78E-03,+3.23078E+00
-11.55000E+00,+643.22E-03,+3.72325E+00
-11.52500E+00,+683.42E-03,+3.55239E+00
-11.50000E+00,-723.62E-03,+4.31621E+00
-11.47500E+00,-763.82E-03,+3.53732E+00
-11.45000E+00,-728.64E-03,+3.97450E+00
-11.42500E+00,-748.74E-03,+3.13028E+00
-11.40000E+00,-723.62E-03,+2.92425E+00
-11.37500E+00,-723.62E-03,+2.85390E+00
-11.35000E+00,-728.64E-03,+3.05490E+00
-11.32500E+00,-748.74E-03,+2.36646E+00
-11.30000E+00,-723.62E-03,+2.54737E+00
-11.27500E+00,-723.62E-03,+1.66294E+00
-11.25000E+00,-723.62E-03,+1.85390E+00
-11.22500E+00,-723.62E-03,+1.73330E+00
-11.20000E+00,-723.62E-03,+1.64284E+00
-11.17500E+00,-736.18E-03,+1.17551E+00
-11.15000E+00,-723.62E-03,+265.96E-03
-11.12500E+00,-763.82E-03,+225.76E-03
-11.10000E+00,-723.62E-03,+200.63E-03
-11.07500E+00,-748.74E-03,+185.56E-03
-11.05000E+00,-688.44E-03,-397.36E-03
-11.02500E+00,-723.62E-03,-618.46E-03
-11.00000E+00,+683.42E-03,-1.13605E+00
-10.97500E+00,+655.78E-03,-1.18630E+00
-10.95000E+00,+683.42E-03,-171.23E-03
-10.92500E+00,+683.42E-03,-85.80E-03
-10.90000E+00,+683.42E-03,-166.20E-03
-10.87500E+00,+683.42E-03,+59.93E-03
-10.85000E+00,+683.42E-03,+542.34E-03
-10.82500E+00,+683.42E-03,+793.60E-03
-10.80000E+00,+643.22E-03,+507.17E-03
-10.77500E+00,+655.78E-03,+632.79E-03
-10.75000E+00,+648.24E-03,+1.02475E+00
-10.72500E+00,+683.42E-03,+1.61269E+00
-10.70000E+00,+648.24E-03,+1.35641E+00
-10.67500E+00,+683.42E-03,+2.23581E+00
-10.65000E+00,+643.22E-03,+2.63782E+00
-10.62500E+00,+668.34E-03,+2.36144E+00
-10.60000E+00,+683.42E-03,+2.38154E+00
-10.57500E+00,+655.78E-03,+3.01470E+00
-10.55000E+00,+683.42E-03,+3.12526E+00
-10.52500E+00,+655.78E-03,+3.74837E+00
-10.50000E+00,-723.62E-03,+3.89913E+00
-10.47500E+00,-736.18E-03,+3.98455E+00
-10.45000E+00,-723.62E-03,+3.90415E+00
-10.42500E+00,-723.62E-03,+3.27098E+00
-10.40000E+00,-723.62E-03,+2.84887E+00
-10.37500E+00,-723.62E-03,+2.87903E+00
-10.35000E+00,-728.64E-03,+2.65792E+00
-10.32500E+00,-748.74E-03,+2.18053E+00
-10.30000E+00,-723.62E-03,+2.72325E+00
-10.27500E+00,-723.62E-03,+2.28104E+00
-10.25000E+00,-723.62E-03,+1.67802E+00
-10.22500E+00,-723.62E-03,+1.13028E+00
-10.20000E+00,-723.62E-03,+904.15E-03
-10.17500E+00,-723.62E-03,+1.45691E+00
-10.15000E+00,-723.62E-03,+884.05E-03
-10.12500E+00,-736.18E-03,+487.07E-03
-10.10000E+00,-756.28E-03,+577.52E-03
-10.07500E+00,-736.18E-03,+270.98E-03
-10.05000E+00,-756.28E-03,+165.46E-03
-10.02500E+00,-763.82E-03,-492.83E-03
-10.00000E+00,+683.42E-03,-583.29E-03
-9.97500E+00,+668.34E-03,-869.72E-03
-9.95000E+00,+675.88E-03,-844.59E-03
-9.92500E+00,+668.34E-03,-517.96E-03
-9.90000E+00,+683.42E-03,-517.96E-03
-9.87500E+00,+655.78E-03,-251.63E-03
-9.85000E+00,+643.22E-03,+577.52E-03
-9.82500E+00,+643.22E-03,+1.00465E+00
-9.80000E+00,+683.42E-03,+1.24083E+00
-9.77500E+00,+655.78E-03,+1.24083E+00
-9.75000E+00,+675.88E-03,+1.67299E+00
-9.72500E+00,+655.78E-03,+1.81370E+00
-9.70000E+00,+683.42E-03,+2.33631E+00
-9.67500E+00,+643.22E-03,+2.33631E+00
-9.65000E+00,+675.88E-03,+2.06495E+00
-9.62500E+00,+683.42E-03,+2.86395E+00
-9.60000E+00,+683.42E-03,+2.51219E+00
-9.57500E+00,+683.42E-03,+3.09511E+00
-9.55000E+00,+643.22E-03,+3.45691E+00
-9.52500E+00,+668.34E-03,+3.73832E+00
-9.50000E+00,-545.23E-03,+3.63279E+00
-9.47500E+00,-736.18E-03,+3.82375E+00
-9.45000E+00,-756.28E-03,+3.41169E+00
-9.42500E+00,-748.74E-03,+2.93933E+00
-9.40000E+00,-723.62E-03,+3.61269E+00
-9.37500E+00,-748.74E-03,+3.03480E+00
-9.35000E+00,-723.62E-03,+2.75340E+00
-9.32500E+00,-723.62E-03,+2.90918E+00
-9.30000E+00,-756.28E-03,+1.98958E+00
-9.27500E+00,-723.62E-03,+2.17048E+00
-9.25000E+00,-723.62E-03,+1.87903E+00
-9.22500E+00,-723.62E-03,+1.46194E+00
-9.20000E+00,-723.62E-03,+919.23E-03
-9.17500E+00,-723.62E-03,+889.08E-03
-9.15000E+00,-723.62E-03,+924.25E-03
-9.12500E+00,-723.62E-03,+436.81E-03
-9.10000E+00,-723.62E-03,+497.12E-03
-9.07500E+00,-723.62E-03,+155.41E-03
-9.05000E+00,-723.62E-03,-100.87E-03
-9.02500E+00,-723.62E-03,-211.43E-03
-9.00000E+00,+648.24E-03,-397.36E-03
-8.97500E+00,+668.34E-03,-658.66E-03
-8.95000E+00,+648.24E-03,-120.97E-03
-8.92500E+00,+683.42E-03,-804.39E-03
-8.90000E+00,+683.42E-03,+200.63E-03
-8.87500E+00,+668.34E-03,+80.03E-03
-8.85000E+00,+683.42E-03,+823.75E-03
-8.82500E+00,+683.42E-03,+758.42E-03
-8.80000E+00,+643.22E-03,+532.29E-03
-8.77500E+00,+655.78E-03,+1.09511E+00
-8.75000E+00,+675.88E-03,+1.79360E+00
-8.72500E+00,+683.42E-03,+1.74837E+00
-8.70000E+00,+683.42E-03,+1.61772E+00
-8.67500E+00,+643.22E-03,+2.18053E+00
-8.65000E+00,+675.88E-03,+1.95943E+00
-8.62500E+00,+683.42E-03,+2.78857E+00
-8.60000E+00,+683.42E-03,+2.38154E+00
-8.57500E+00,+683.42E-03,+2.64787E+00
-8.55000E+00,+683.42E-03,+3.02475E+00
-8.52500E+00,+683.42E-03,+3.09511E+00
-8.50000E+00,-723.62E-03,+3.64787E+00
-8.47500E+00,-736.18E-03,+3.78857E+00
-8.45000E+00,-728.64E-03,+3.58254E+00
-8.42500E+00,-723.62E-03,+3.53732E+00
-8.40000E+00,-723.62E-03,+3.25088E+00
-8.37500E+00,-736.18E-03,+2.53732E+00
-8.35000E+00,-723.62E-03,+2.98455E+00
-8.32500E+00,-723.62E-03,+2.15541E+00
-8.30000E+00,-728.64E-03,+2.24586E+00
-8.27500E+00,-723.62E-03,+2.03480E+00
-8.25000E+00,-728.64E-03,+1.88405E+00
-8.22500E+00,-723.62E-03,+1.18556E+00
-8.20000E+00,-756.28E-03,+1.24586E+00
-8.17500E+00,-723.62E-03,+879.03E-03
-8.15000E+00,-723.62E-03,+657.92E-03
-8.12500E+00,-723.62E-03,+667.97E-03
-8.10000E+00,-723.62E-03,+582.54E-03
-8.07500E+00,-763.82E-03,-342.08E-03
-8.05000E+00,-756.28E-03,-387.31E-03
-8.02500E+00,-723.62E-03,-633.54E-03
-8.00000E+00,+683.42E-03,-462.68E-03
-7.97500E+00,+643.22E-03,-965.20E-03
-7.95000E+00,+648.24E-03,-950.12E-03
-7.92500E+00,+683.42E-03,-548.11E-03
-7.90000E+00,+643.22E-03,+351.39E-03
-7.87500E+00,+668.34E-03,+477.02E-03
-7.85000E+00,+675.88E-03,+884.05E-03
-7.82500E+00,+655.78E-03,+411.69E-03
-7.80000E+00,+675.88E-03,+461.94E-03
-7.77500E+00,+643.22E-03,+1.00968E+00
-7.75000E+00,+675.88E-03,+1.79360E+00
-7.72500E+00,+655.78E-03,+1.89913E+00
-7.70000E+00,+683.42E-03,+1.43681E+00
-7.67500E+00,+683.42E-03,+1.93430E+00
-7.65000E+00,+648.24E-03,+2.11521E+00
-7.62500E+00,+683.42E-03,+2.56747E+00
-7.60000E+00,+675.88E-03,+3.09008E+00
-7.57500E+00,+668.34E-03,+2.58757E+00
-7.55000E+00,+643.22E-03,+3.21571E+00
-7.52500E+00,+683.42E-03,+3.71320E+00
-7.50000E+00,-550.25E-03,+4.19058E+00
-7.47500E+00,-748.74E-03,+4.29109E+00
-7.45000E+00,-723.62E-03,+3.27098E+00
-7.42500E+00,-736.18E-03,+3.16546E+00
-7.40000E+00,-728.64E-03,+3.13028E+00
-7.37500E+00,-748.74E-03,+2.42676E+00
-7.35000E+00,-723.62E-03,+2.97450E+00
-7.32500E+00,-723.62E-03,+2.47702E+00
-7.30000E+00,-728.64E-03,+1.88405E+00
-7.27500E+00,-736.18E-03,+2.14033E+00
-7.25000E+00,-756.28E-03,+1.38656E+00
-7.22500E+00,-736.18E-03,+1.27601E+00
-7.20000E+00,-723.62E-03,+1.58254E+00
-7.17500E+00,-736.18E-03,+1.28606E+00
-7.15000E+00,-723.62E-03,+738.32E-03
-7.12500E+00,-736.18E-03,+477.02E-03
-7.10000E+00,-723.62E-03,+301.14E-03
-7.07500E+00,-723.62E-03,-161.18E-03
-7.05000E+00,-728.64E-03,-20.47E-03
-7.02500E+00,-723.62E-03,-658.66E-03
-7.00000E+00,+683.42E-03,-432.53E-03
-6.97500E+00,+683.42E-03,-678.76E-03
-6.95000E+00,+648.24E-03,-422.48E-03
-6.92500E+00,+668.34E-03,-603.39E-03
-6.90000E+00,+648.24E-03,+24.75E-03
-6.87500E+00,+668.34E-03,-95.85E-03
-6.85000E+00,+675.88E-03,+748.37E-03
-6.82500E+00,+668.34E-03,+688.07E-03
-6.80000E+00,+683.42E-03,+517.22E-03
-6.77500E+00,+655.78E-03,+989.58E-03
-6.75000E+00,+683.42E-03,+1.58254E+00
-6.72500E+00,+668.34E-03,+1.90415E+00
-6.70000E+00,+648.24E-03,+1.45691E+00
-6.67500E+00,+643.22E-03,+2.23078E+00
-6.65000E+00,+675.88E-03,+1.90415E+00
-6.62500E+00,+683.42E-03,+2.40666E+00
-6.60000E+00,+683.42E-03,+2.60767E+00
-6.57500E+00,+668.34E-03,+2.86897E+00
-6.55000E+00,+675.88E-03,+3.17048E+00
-6.52500E+00,+683.42E-03,+3.91923E+00
-6.50000E+00,-728.64E-03,+3.82375E+00
-6.47500E+00,-723.62E-03,+3.51219E+00
-6.45000E+00,-756.28E-03,+3.32626E+00
-6.42500E+00,-736.18E-03,+3.30616E+00
-6.40000E+00,-723.62E-03,+2.87400E+00
-6.37500E+00,-723.62E-03,+2.93933E+00
-6.35000E+00,-728.64E-03,+2.23078E+00
-6.32500E+00,-723.62E-03,+2.21571E+00
-6.30000E+00,-723.62E-03,+2.38154E+00
-6.27500E+00,-723.62E-03,+2.09511E+00
-6.25000E+00,-723.62E-03,+1.87400E+00
-6.22500E+00,-763.82E-03,+1.30616E+00
-6.20000E+00,-723.62E-03,+1.73330E+00
-6.17500E+00,-723.62E-03,+1.12526E+00
-6.15000E+00,-723.62E-03,+426.76E-03
-6.12500E+00,-723.62E-03,+497.12E-03
-6.10000E+00,-723.62E-03,+783.55E-03
-6.07500E+00,-736.18E-03,+502.14E-03
-6.05000E+00,-723.62E-03,-653.64E-03
-6.02500E+00,-723.62E-03,-266.70E-03
-6.00000E+00,+648.24E-03,-1.21645E+00
-5.97500E+00,+668.34E-03,-558.16E-03
-5.95000E+00,+643.22E-03,-201.38E-03
-5.92500E+00,+655.78E-03,-578.26E-03
-5.90000E+00,+643.22E-03,-80.77E-03
-5.87500E+00,+683.42E-03,-251.63E-03
-5.85000E+00,+648.24E-03,-65.70E-03
-5.82500E+00,+683.42E-03,+848.87E-03
-5.80000E+00,+648.24E-03,+989.58E-03
-5.77500E+00,+655.78E-03,+1.16546E+00
-5.75000E+00,+683.42E-03,+954.40E-03
-5.72500E+00,+668.34E-03,+1.41169E+00
-5.70000E+00,+683.42E-03,+1.46696E+00
-5.67500E+00,+683.42E-03,+1.96948E+00
-5.65000E+00,+683.42E-03,+2.22073E+00
-5.62500E+00,+683.42E-03,+2.40666E+00
-5.60000E+00,+675.88E-03,+2.30114E+00
-5.57500E+00,+643.22E-03,+2.94938E+00
-5.55000E+00,+648.24E-03,+3.75340E+00
-5.52500E+00,+683.42E-03,+3.06998E+00
-5.50000E+00,-723.62E-03,+3.63782E+00
-5.47500E+00,-748.74E-03,+3.89410E+00
-5.45000E+00,-756.28E-03,+3.24586E+00
-5.42500E+00,-748.74E-03,+3.22576E+00
-5.40000E+00,-723.62E-03,+3.11521E+00
-5.37500E+00,-723.62E-03,+2.60767E+00
-5.35000E+00,-723.62E-03,+2.28104E+00
-5.32500E+00,-723.62E-03,+2.85892E+00
-5.30000E+00,-723.62E-03,+2.01973E+00
-5.27500E+00,-723.62E-03,+1.73832E+00
-5.25000E+00,-723.62E-03,+1.20566E+00
-5.22500E+00,-736.18E-03,+1.64787E+00
-5.20000E+00,-723.62E-03,+1.34134E+00
-5.17500E+00,-723.62E-03,+1.16043E+00
-5.15000E+00,-723.62E-03,+477.02E-03
-5.12500E+00,-736.18E-03,+492.09E-03
-5.10000E+00,-723.62E-03,+446.86E-03
-5.07500E+00,-723.62E-03,+14.70E-03
-5.05000E+00,-723.62E-03,-618.46E-03
-5.02500E+00,-723.62E-03,-306.90E-03
-5.00000E+00,+683.42E-03,-1.17123E+00
-4.97500E+00,+683.42E-03,-784.29E-03
-4.95000E+00,+683.42E-03,-718.96E-03
-4.92500E+00,+643.22E-03,-432.53E-03
-4.90000E+00,+675.88E-03,-256.65E-03
-4.87500E+00,+668.34E-03,-226.50E-03
-4.85000E+00,+683.42E-03,+115.21E-03
-4.82500E+00,+668.34E-03,+904.15E-03
-4.80000E+00,+683.42E-03,+833.80E-03
-4.77500E+00,+655.78E-03,+1.49712E+00
-4.75000E+00,+683.42E-03,+954.40E-03
-4.72500E+00,+655.78E-03,+1.35139E+00
-4.70000E+00,+648.24E-03,+1.93430E+00
-4.67500E+00,+655.78E-03,+2.34636E+00
-4.65000E+00,+675.88E-03,+1.91923E+00
-4.62500E+00,+668.34E-03,+2.46194E+00
-4.60000E+00,+648.24E-03,+3.10013E+00
-4.57500E+00,+683.42E-03,+3.37651E+00
-4.55000E+00,+648.24E-03,+3.75340E+00
-4.52500E+00,+668.34E-03,+3.59259E+00
-4.50000E+00,-545.23E-03,+3.89410E+00
-4.47500E+00,-748.74E-03,+3.96948E+00
-4.45000E+00,-763.82E-03,+3.57752E+00
-4.42500E+00,-748.74E-03,+3.33631E+00
-4.40000E+00,-723.62E-03,+2.83380E+00
-4.37500E+00,-723.62E-03,+2.75340E+00
-4.35000E+00,-723.62E-03,+2.33129E+00
-4.32500E+00,-736.18E-03,+2.27601E+00
-4.30000E+00,-763.82E-03,+1.93933E+00
-4.27500E+00,-723.62E-03,+2.26596E+00
-4.25000E+00,-723.62E-03,+2.00968E+00
-4.22500E+00,-736.18E-03,+1.05490E+00
-4.20000E+00,-728.64E-03,+808.67E-03
-4.17500E+00,-723.62E-03,+1.15541E+00
-4.15000E+00,-763.82E-03,+466.96E-03
-4.12500E+00,-723.62E-03,+170.48E-03
-4.10000E+00,-723.62E-03,+632.79E-03
-4.07500E+00,-723.62E-03,+39.83E-03
-4.05000E+00,-723.62E-03,-718.96E-03
-4.02500E+00,-736.18E-03,+44.85E-03
-4.00000E+00,+683.42E-03,-1.04057E+00
-3.97500E+00,+643.22E-03,-603.39E-03
-3.95000E+00,+683.42E-03,-100.87E-03
-3.92500E+00,+683.42E-03,-543.09E-03
-3.90000E+00,+683.42E-03,-281.78E-03
-3.87500E+00,+683.42E-03,+512.19E-03
-3.85000E+00,+643.22E-03,+255.91E-03
-3.82500E+00,+683.42E-03,+436.81E-03
-3.80000E+00,+648.24E-03,+507.17E-03
-3.77500E+00,+655.78E-03,+1.25591E+00
-3.75000E+00,+643.22E-03,+964.45E-03
-3.72500E+00,+683.42E-03,+1.51219E+00
-3.70000E+00,+643.22E-03,+2.03480E+00
-3.67500E+00,+668.34E-03,+2.24586E+00
-3.65000E+00,+643.22E-03,+2.46696E+00
-3.62500E+00,+683.42E-03,+2.45189E+00
-3.60000E+00,+683.42E-03,+3.21068E+00
-3.57500E+00,+683.42E-03,+2.82877E+00
-3.55000E+00,+683.42E-03,+3.38656E+00
-3.52500E+00,+643.22E-03,+3.68807E+00
-3.50000E+00,-723.62E-03,+3.47702E+00
-3.47500E+00,-736.18E-03,+3.69310E+00
-3.45000E+00,-756.28E-03,+3.52727E+00
-3.42500E+00,-748.74E-03,+3.18556E+00
-3.40000E+00,-728.64E-03,+2.83380E+00
-3.37500E+00,-723.62E-03,+3.03480E+00
-3.35000E+00,-723.62E-03,+2.44686E+00
-3.32500E+00,-736.18E-03,+2.20566E+00
-3.30000E+00,-723.62E-03,+2.59762E+00
-3.27500E+00,-748.74E-03,+1.56747E+00
-3.25000E+00,-723.62E-03,+1.35641E+00
-3.22500E+00,-723.62E-03,+1.13028E+00
-3.20000E+00,-723.62E-03,+1.49209E+00
-3.17500E+00,-723.62E-03,+828.77E-03
-3.15000E+00,-723.62E-03,+1.15038E+00
-3.12500E+00,-723.62E-03,+652.89E-03
-3.10000E+00,-723.62E-03,+622.74E-03
-3.07500E+00,-723.62E-03,-126.00E-03
-3.05000E+00,-723.62E-03,+95.11E-03
-3.02500E+00,-736.18E-03,-894.84E-03
-3.00000E+00,+675.88E-03,-774.24E-03
-2.97500E+00,+655.78E-03,-588.31E-03
-2.95000E+00,+683.42E-03,-678.76E-03
-2.92500E+00,+683.42E-03,-171.23E-03
-2.90000E+00,+648.24E-03,-457.66E-03
-2.87500E+00,+683.42E-03,+110.18E-03
-2.85000E+00,+683.42E-03,+421.74E-03
-2.82500E+00,+683.42E-03,+788.57E-03
-2.80000E+00,+683.42E-03,+773.50E-03
-2.77500E+00,+668.34E-03,+1.42676E+00
-2.75000E+00,+643.22E-03,+1.11521E+00
-2.72500E+00,+683.42E-03,+1.57752E+00
-2.70000E+00,+683.42E-03,+2.20566E+00
-2.67500E+00,+655.78E-03,+2.14033E+00
-2.65000E+00,+643.22E-03,+2.40164E+00
-2.62500E+00,+655.78E-03,+2.22576E+00
-2.60000E+00,+683.42E-03,+3.29109E+00
-2.57500E+00,+683.42E-03,+3.42676E+00
-2.55000E+00,+643.22E-03,+3.00465E+00
-2.52500E+00,+683.42E-03,+3.54737E+00
-2.50000E+00,-723.62E-03,+4.27601E+00
-2.47500E+00,-748.74E-03,+3.79862E+00
-2.45000E+00,-723.62E-03,+3.27098E+00
-2.42500E+00,-723.62E-03,+3.49712E+00
-2.40000E+00,-723.62E-03,+2.65289E+00
-2.37500E+00,-723.62E-03,+3.06495E+00
-2.35000E+00,-756.28E-03,+2.67299E+00
-2.32500E+00,-723.62E-03,+2.54737E+00
-2.30000E+00,-756.28E-03,+1.70817E+00
-2.27500E+00,-748.74E-03,+1.90415E+00
-2.25000E+00,-723.62E-03,+1.45691E+00
-2.22500E+00,-723.62E-03,+1.34134E+00
-2.20000E+00,-756.28E-03,+1.52224E+00
-2.17500E+00,-736.18E-03,+622.74E-03
-2.15000E+00,-723.62E-03,+1.11521E+00
-2.12500E+00,-723.62E-03,+778.52E-03
-2.10000E+00,-723.62E-03,+522.24E-03
-2.07500E+00,-723.62E-03,+230.78E-03
-2.05000E+00,-763.82E-03,-60.67E-03
-2.02500E+00,-723.62E-03,-623.49E-03
-2.00000E+00,+683.42E-03,-688.81E-03
-1.97500E+00,+668.34E-03,-467.71E-03
-1.95000E+00,+675.88E-03,-703.89E-03
-1.92500E+00,+683.42E-03,-100.87E-03
-1.90000E+00,+675.88E-03,-467.71E-03
-1.87500E+00,+683.42E-03,-10.42E-03
-1.85000E+00,+648.24E-03,+95.11E-03
-1.82500E+00,+655.78E-03,+964.45E-03
-1.80000E+00,+683.42E-03,+507.17E-03
-1.77500E+00,+668.34E-03,+1.03983E+00
-1.75000E+00,+643.22E-03,+1.79360E+00
-1.72500E+00,+655.78E-03,+1.52224E+00
-1.70000E+00,+675.88E-03,+1.71320E+00
-1.67500E+00,+668.34E-03,+1.80365E+00
-1.65000E+00,+675.88E-03,+2.53732E+00
-1.62500E+00,+655.78E-03,+2.74837E+00
-1.60000E+00,+648.24E-03,+3.04485E+00
-1.57500E+00,+683.42E-03,+2.87903E+00
-1.55000E+00,+643.22E-03,+3.02475E+00
-1.52500E+00,+683.42E-03,+3.90918E+00
-1.50000E+00,-728.64E-03,+3.36646E+00
-1.47500E+00,-748.74E-03,+3.68807E+00
-1.45000E+00,-723.62E-03,+3.60767E+00
-1.42500E+00,-736.18E-03,+3.42676E+00
-1.40000E+00,-723.62E-03,+2.75340E+00
-1.37500E+00,-723.62E-03,+2.72827E+00
-1.35000E+00,-723.62E-03,+2.58757E+00
-1.32500E+00,-736.18E-03,+2.06495E+00
-1.30000E+00,-723.62E-03,+1.71822E+00
-1.27500E+00,-723.62E-03,+1.94435E+00
-1.25000E+00,-723.62E-03,+2.05490E+00
-1.22500E+00,-723.62E-03,+1.61772E+00
-1.20000E+00,-728.64E-03,+1.21068E+00
-1.17500E+00,-723.62E-03,+1.33129E+00
-1.15000E+00,-723.62E-03,+497.12E-03
-1.12500E+00,-723.62E-03,+723.25E-03
-1.10000E+00,-723.62E-03,-35.55E-03
-1.07500E+00,-723.62E-03,-291.83E-03
-1.05000E+00,-723.62E-03,+220.73E-03
-1.02500E+00,-736.18E-03,-784.29E-03
-1.00000E+00,+648.24E-03,-904.89E-03
-975.00E-03,+655.78E-03,-1.21645E+00
-950.00E-03,+675.88E-03,-241.58E-03
-925.00E-03,+643.22E-03,-377.26E-03
-900.00E-03,+683.42E-03,+240.83E-03
-875.00E-03,+643.22E-03,+260.93E-03
-850.00E-03,+683.42E-03,+346.36E-03
-825.00E-03,+643.22E-03,+688.07E-03
-800.00E-03,+683.42E-03,+793.60E-03
-775.00E-03,+683.42E-03,+924.25E-03
-750.00E-03,+683.42E-03,+964.45E-03
-725.00E-03,+683.42E-03,+1.42174E+00
-700.00E-03,+648.24E-03,+2.34636E+00
-675.00E-03,+655.78E-03,+1.82375E+00
-650.00E-03,+648.24E-03,+2.10516E+00
-625.00E-03,+668.34E-03,+2.48204E+00
-600.00E-03,+683.42E-03,+2.85390E+00
-575.00E-03,+668.34E-03,+2.88908E+00
-550.00E-03,+683.42E-03,+3.08506E+00
-525.00E-03,+668.34E-03,+3.47702E+00
-500.00E-03,-545.23E-03,+3.57249E+00
-475.00E-03,-723.62E-03,+4.27098E+00
-450.00E-03,-723.62E-03,+3.47199E+00
-425.00E-03,-723.62E-03,+3.26596E+00
-400.00E-03,-723.62E-03,+3.56244E+00
-375.00E-03,-723.62E-03,+2.95440E+00
-350.00E-03,-723.62E-03,+2.55239E+00
-325.00E-03,-723.62E-03,+2.47702E+00
-300.00E-03,-723.62E-03,+1.68807E+00
-275.00E-03,-748.74E-03,+1.72325E+00
-250.00E-03,-723.62E-03,+1.68305E+00
-225.00E-03,-723.62E-03,+1.15038E+00
-200.00E-03,-723.62E-03,+1.58254E+00
-175.00E-03,-723.62E-03,+552.39E-03
-150.00E-03,-723.62E-03,+843.85E-03
-125.00E-03,-723.62E-03,+728.27E-03
-100.00E-03,-723.62E-03,-136.05E-03
-75.00E-03,-723.62E-03,-90.82E-03
-50.00E-03,-723.62E-03,-342.08E-03
-25.00E-03,-748.74E-03,-146.10E-03
-0.0E+00,+683.42E-03,-744.09E-03
+25.00E-03,+683.42E-03,-723.99E-03
+50.00E-03,+683.42E-03,-1.04057E+00
+75.00E-03,+655.78E-03,-357.16E-03
+100.00E-03,+648.24E-03,+255.91E-03
+125.00E-03,+643.22E-03,-50.62E-03
+150.00E-03,+675.88E-03,+567.47E-03
+175.00E-03,+683.42E-03,+884.05E-03
+200.00E-03,+675.88E-03,+823.75E-03
+225.00E-03,+668.34E-03,+1.27601E+00
+250.00E-03,+683.42E-03,+1.13531E+00
+275.00E-03,+683.42E-03,+1.96948E+00
+300.00E-03,+643.22E-03,+1.78355E+00
+325.00E-03,+683.42E-03,+1.77852E+00
+350.00E-03,+675.88E-03,+2.03983E+00
+375.00E-03,+683.42E-03,+2.70817E+00
+400.00E-03,+648.24E-03,+2.46194E+00
+425.00E-03,+668.34E-03,+2.90415E+00
+450.00E-03,+683.42E-03,+3.48204E+00
+475.00E-03,+643.22E-03,+3.94938E+00
+500.00E-03,-723.62E-03,+4.19561E+00
+525.00E-03,-723.62E-03,+3.50214E+00
+550.00E-03,-723.62E-03,+3.44686E+00
+575.00E-03,-708.54E-03,+3.20566E+00
+600.00E-03,-723.62E-03,+3.57249E+00
+625.00E-03,-736.18E-03,+2.66797E+00
+650.00E-03,-723.62E-03,+2.52224E+00
+675.00E-03,-748.74E-03,+2.72827E+00
+700.00E-03,-723.62E-03,+1.69812E+00
+725.00E-03,-723.62E-03,+2.26596E+00
+750.00E-03,-723.62E-03,+2.11521E+00
+775.00E-03,-736.18E-03,+954.40E-03
+800.00E-03,-756.28E-03,+1.29611E+00
+825.00E-03,-736.18E-03,+582.54E-03
+850.00E-03,-728.64E-03,+1.00968E+00
+875.00E-03,-723.62E-03,+718.22E-03
+900.00E-03,-723.62E-03,+522.24E-03
+925.00E-03,-723.62E-03,+4.65E-03
+950.00E-03,-723.62E-03,-598.36E-03
+975.00E-03,-723.62E-03,+125.26E-03
+1.00000E+00,+648.24E-03,-422.48E-03
+1.02500E+00,+683.42E-03,-914.94E-03
+1.05000E+00,+683.42E-03,-10.42E-03
+1.07500E+00,+655.78E-03,-583.29E-03
+1.10000E+00,+683.42E-03,+29.78E-03
+1.12500E+00,+683.42E-03,+54.90E-03
+1.15000E+00,+683.42E-03,+205.66E-03
+1.17500E+00,+643.22E-03,+567.47E-03
+1.20000E+00,+675.88E-03,+1.21068E+00
+1.22500E+00,+655.78E-03,+1.38656E+00
+1.25000E+00,+683.42E-03,+1.26596E+00
+1.27500E+00,+643.22E-03,+1.52224E+00
+1.30000E+00,+683.42E-03,+1.53732E+00
+1.32500E+00,+668.34E-03,+1.83380E+00
+1.35000E+00,+683.42E-03,+2.67802E+00
+1.37500E+00,+655.78E-03,+2.45189E+00
+1.40000E+00,+683.42E-03,+2.73330E+00
+1.42500E+00,+655.78E-03,+2.70817E+00
+1.45000E+00,+675.88E-03,+3.20566E+00
+1.47500E+00,+683.42E-03,+3.31119E+00
+1.50000E+00,-728.64E-03,+3.43681E+00
+1.52500E+00,-723.62E-03,+3.57249E+00
+1.55000E+00,-723.62E-03,+3.19058E+00
+1.57500E+00,-723.62E-03,+3.33631E+00
+1.60000E+00,-728.64E-03,+3.24586E+00
+1.62500E+00,-723.62E-03,+3.15541E+00
+1.65000E+00,-723.62E-03,+2.28104E+00
+1.67500E+00,-763.82E-03,+2.35139E+00
+1.70000E+00,-723.62E-03,+2.53732E+00
+1.72500E+00,-723.62E-03,+2.21068E+00
+1.75000E+00,-723.62E-03,+1.28606E+00
+1.77500E+00,-736.18E-03,+1.12023E+00
+1.80000E+00,-756.28E-03,+1.00968E+00
+1.82500E+00,-723.62E-03,+838.82E-03
+1.85000E+00,-728.64E-03,+652.89E-03
+1.87500E+00,-723.62E-03,+818.72E-03
+1.90000E+00,-723.62E-03,-166.20E-03
+1.92500E+00,-736.18E-03,-30.52E-03
+1.95000E+00,-723.62E-03,-452.63E-03
+1.97500E+00,-723.62E-03,-653.64E-03
+2.00000E+00,+648.24E-03,-332.03E-03
+2.02500E+00,+683.42E-03,-975.25E-03
+2.05000E+00,+643.22E-03,-749.12E-03
+2.07500E+00,+683.42E-03,-266.70E-03
+2.10000E+00,+683.42E-03,-437.56E-03
+2.12500E+00,+683.42E-03,-70.72E-03
+2.15000E+00,+643.22E-03,+748.37E-03
+2.17500E+00,+668.34E-03,+848.87E-03
+2.20000E+00,+675.88E-03,+532.29E-03
+2.22500E+00,+683.42E-03,+919.23E-03
+2.25000E+00,+675.88E-03,+1.58254E+00
+2.27500E+00,+683.42E-03,+1.45189E+00
+2.30000E+00,+683.42E-03,+1.50717E+00
+2.32500E+00,+683.42E-03,+2.05490E+00
+2.35000E+00,+675.88E-03,+2.29611E+00
+2.37500E+00,+643.22E-03,+2.80365E+00
+2.40000E+00,+648.24E-03,+3.19058E+00
+2.42500E+00,+655.78E-03,+2.74335E+00
+2.45000E+00,+648.24E-03,+3.12526E+00
+2.47500E+00,+683.42E-03,+3.22576E+00
+2.50000E+00,-723.62E-03,+4.33129E+00
+2.52500E+00,-723.62E-03,+3.76847E+00
+2.55000E+00,-723.62E-03,+3.90415E+00
+2.57500E+00,-723.62E-03,+3.28104E+00
+2.60000E+00,-723.62E-03,+3.35139E+00
+2.62500E+00,-723.62E-03,+2.79360E+00
+2.65000E+00,-723.62E-03,+3.10013E+00
+2.67500E+00,-723.62E-03,+1.94435E+00
+2.70000E+00,-723.62E-03,+1.81872E+00
+2.72500E+00,-748.74E-03,+2.09008E+00
+2.75000E+00,-728.64E-03,+1.97450E+00
+2.77500E+00,-723.62E-03,+1.10516E+00
+2.80000E+00,-723.62E-03,+914.20E-03
+2.82500E+00,-748.74E-03,+879.03E-03
+2.85000E+00,-723.62E-03,+808.67E-03
+2.87500E+00,-723.62E-03,+371.49E-03
+2.90000E+00,-728.64E-03,+431.79E-03
+2.92500E+00,-723.62E-03,-120.97E-03
+2.95000E+00,-723.62E-03,+210.68E-03
+2.97500E+00,-723.62E-03,-296.85E-03
+3.00000E+00,+683.42E-03,-492.83E-03
+3.02500E+00,+683.42E-03,-859.67E-03
+3.05000E+00,+648.24E-03,-553.14E-03
+3.07500E+00,+683.42E-03,-583.29E-03
+3.10000E+00,+683.42E-03,-467.71E-03
+3.12500E+00,+668.34E-03,+49.88E-03
+3.15000E+00,+683.42E-03,+597.62E-03
+3.17500E+00,+668.34E-03,+914.20E-03
+3.20000E+00,+683.42E-03,+959.43E-03
+3.22500E+00,+683.42E-03,+1.64787E+00
+3.25000E+00,+648.24E-03,+1.61269E+00
+3.27500E+00,+683.42E-03,+1.61269E+00
+3.30000E+00,+675.88E-03,+2.27601E+00
+3.32500E+00,+668.34E-03,+2.43681E+00
+3.35000E+00,+675.88E-03,+2.44686E+00
+3.37500E+00,+683.42E-03,+2.21571E+00
+3.40000E+00,+683.42E-03,+2.53732E+00
+3.42500E+00,+655.78E-03,+2.81872E+00
+3.45000E+00,+683.42E-03,+3.46696E+00
+3.47500E+00,+683.42E-03,+3.38154E+00
+3.50000E+00,-763.82E-03,+3.29611E+00
+3.52500E+00,-723.62E-03,+3.63279E+00
+3.55000E+00,-728.64E-03,+3.39661E+00
+3.57500E+00,-723.62E-03,+3.19561E+00
+3.60000E+00,-723.62E-03,+2.72325E+00
+3.62500E+00,-736.18E-03,+2.78857E+00
+3.65000E+00,-763.82E-03,+2.72827E+00
+3.67500E+00,-723.62E-03,+2.02475E+00
+3.70000E+00,-723.62E-03,+2.20566E+00
+3.72500E+00,-723.62E-03,+1.51722E+00
+3.75000E+00,-723.62E-03,+1.95943E+00
+3.77500E+00,-736.18E-03,+1.28606E+00
+3.80000E+00,-723.62E-03,+1.60767E+00
+3.82500E+00,-723.62E-03,+1.31621E+00
+3.85000E+00,-723.62E-03,+497.12E-03
+3.87500E+00,-723.62E-03,+527.27E-03
+3.90000E+00,-756.28E-03,-90.82E-03
+3.92500E+00,-723.62E-03,-110.92E-03
+3.95000E+00,-728.64E-03,-628.51E-03
+3.97500E+00,-723.62E-03,-869.72E-03
+4.00000E+00,+683.42E-03,-432.53E-03
+4.02500E+00,+683.42E-03,-754.14E-03
+4.05000E+00,+675.88E-03,-291.83E-03
+4.07500E+00,+655.78E-03,-548.11E-03
+4.10000E+00,+675.88E-03,-196.35E-03
+4.12500E+00,+643.22E-03,-45.60E-03
+4.15000E+00,+648.24E-03,+296.11E-03
+4.17500E+00,+643.22E-03,+637.82E-03
+4.20000E+00,+683.42E-03,+728.27E-03
+4.22500E+00,+683.42E-03,+1.35641E+00
+4.25000E+00,+648.24E-03,+1.47199E+00
+4.27500E+00,+683.42E-03,+1.66797E+00
+4.30000E+00,+683.42E-03,+1.94938E+00
+4.32500E+00,+668.34E-03,+2.30114E+00
+4.35000E+00,+683.42E-03,+2.78857E+00
+4.37500E+00,+683.42E-03,+2.50717E+00
+4.40000E+00,+683.42E-03,+2.80365E+00
+4.42500E+00,+683.42E-03,+3.24586E+00
+4.45000E+00,+683.42E-03,+2.86897E+00
+4.47500E+00,+643.22E-03,+3.65792E+00
+4.50000E+00,-756.28E-03,+3.63279E+00
+4.52500E+00,-723.62E-03,+3.90415E+00
+4.55000E+00,-723.62E-03,+4.07501E+00
+4.57500E+00,-723.62E-03,+3.53229E+00
+4.60000E+00,-723.62E-03,+3.40164E+00
+4.62500E+00,-723.62E-03,+3.12526E+00
+4.65000E+00,-728.64E-03,+2.45691E+00
+4.67500E+00,-736.18E-03,+2.31621E+00
+4.70000E+00,-756.28E-03,+1.82877E+00
+4.72500E+00,-723.62E-03,+2.17048E+00
+4.75000E+00,-723.62E-03,+2.09008E+00
+4.77500E+00,-723.62E-03,+1.21068E+00
+4.80000E+00,-723.62E-03,+1.28104E+00
+4.82500E+00,-723.62E-03,+1.22576E+00
+4.85000E+00,-723.62E-03,+1.17048E+00
+4.87500E+00,-748.74E-03,+250.88E-03
+4.90000E+00,-723.62E-03,+175.51E-03
+4.92500E+00,-723.62E-03,-370E-06
+4.95000E+00,-728.64E-03,+120.23E-03
+4.97500E+00,-723.62E-03,-497.86E-03
+5.00000E+00,+648.24E-03,-573.24E-03
+5.02500E+00,+683.42E-03,-824.49E-03
+5.05000E+00,+683.42E-03,-271.73E-03
+5.07500E+00,+655.78E-03,+125.26E-03
+5.10000E+00,+675.88E-03,-216.45E-03
+5.12500E+00,+683.42E-03,-10.42E-03
+5.15000E+00,+683.42E-03,+185.56E-03
+5.17500E+00,+683.42E-03,+984.55E-03
+5.20000E+00,+648.24E-03,+497.12E-03
+5.22500E+00,+683.42E-03,+1.44184E+00
+5.25000E+00,+675.88E-03,+1.09511E+00
+5.27500E+00,+683.42E-03,+1.29611E+00
+5.30000E+00,+643.22E-03,+1.61772E+00
+5.32500E+00,+668.34E-03,+2.03480E+00
+5.35000E+00,+675.88E-03,+2.59259E+00
+5.37500E+00,+683.42E-03,+2.41169E+00
+5.40000E+00,+683.42E-03,+3.09008E+00
+5.42500E+00,+643.22E-03,+3.20566E+00
+5.45000E+00,+683.42E-03,+3.22073E+00
+5.47500E+00,+643.22E-03,+3.67802E+00
+5.50000E+00,-723.62E-03,+4.02475E+00
+5.52500E+00,-736.18E-03,+3.61269E+00
+5.55000E+00,-756.28E-03,+3.66797E+00
+5.57500E+00,-723.62E-03,+3.42174E+00
+5.60000E+00,-723.62E-03,+3.08506E+00
+5.62500E+00,-723.62E-03,+2.50214E+00
+5.65000E+00,-723.62E-03,+2.48204E+00
+5.67500E+00,-736.18E-03,+1.99963E+00
+5.70000E+00,-723.62E-03,+1.98958E+00
+5.72500E+00,-723.62E-03,+2.07501E+00
+5.75000E+00,-728.64E-03,+2.16043E+00
+5.77500E+00,-723.62E-03,+1.72827E+00
+5.80000E+00,-723.62E-03,+1.15541E+00
+5.82500E+00,-723.62E-03,+1.37651E+00
+5.85000E+00,-723.62E-03,+522.24E-03
+5.87500E+00,-723.62E-03,+507.17E-03
+5.90000E+00,-723.62E-03,+391.59E-03
+5.92500E+00,-736.18E-03,+4.65E-03
+5.95000E+00,-728.64E-03,+260.93E-03
+5.97500E+00,-723.62E-03,-437.56E-03
+6.00000E+00,+683.42E-03,-663.69E-03
+6.02500E+00,+655.78E-03,-834.54E-03
+6.05000E+00,+683.42E-03,-749.12E-03
+6.07500E+00,+643.22E-03,-60.67E-03
+6.10000E+00,+675.88E-03,+180.53E-03
+6.12500E+00,+643.22E-03,-276.75E-03
+6.15000E+00,+648.24E-03,+24.75E-03
+6.17500E+00,+643.22E-03,+446.86E-03
+6.20000E+00,+675.88E-03,+768.47E-03
+6.22500E+00,+683.42E-03,+889.08E-03
+6.25000E+00,+648.24E-03,+1.41671E+00
+6.27500E+00,+655.78E-03,+1.79862E+00
+6.30000E+00,+648.24E-03,+1.45691E+00
+6.32500E+00,+668.34E-03,+2.28104E+00
+6.35000E+00,+675.88E-03,+2.48204E+00
+6.37500E+00,+655.78E-03,+2.78857E+00
+6.40000E+00,+683.42E-03,+2.45691E+00
+6.42500E+00,+683.42E-03,+2.96948E+00
+6.45000E+00,+683.42E-03,+3.74335E+00
+6.47500E+00,+668.34E-03,+3.93933E+00
+6.50000E+00,-756.28E-03,+3.95440E+00
+6.52500E+00,-723.62E-03,+3.56244E+00
+6.55000E+00,-723.62E-03,+3.91420E+00
+6.57500E+00,-763.82E-03,+3.18556E+00
+6.60000E+00,-723.62E-03,+3.06495E+00
+6.62500E+00,-748.74E-03,+3.15038E+00
+6.65000E+00,-723.62E-03,+2.72827E+00
+6.67500E+00,-723.62E-03,+2.63279E+00
+6.70000E+00,-723.62E-03,+2.19058E+00
+6.72500E+00,-723.62E-03,+1.64284E+00
+6.75000E+00,-723.62E-03,+1.75340E+00
+6.77500E+00,-723.62E-03,+1.69812E+00
+6.80000E+00,-763.82E-03,+1.68305E+00
+6.82500E+00,-723.62E-03,+894.10E-03
+6.85000E+00,-763.82E-03,+1.05993E+00
+6.87500E+00,-723.62E-03,+1.00465E+00
+6.90000E+00,-756.28E-03,+165.46E-03
+6.92500E+00,-723.62E-03,-382.28E-03
+6.95000E+00,-723.62E-03,+220.73E-03
+6.97500E+00,-748.74E-03,-764.19E-03
+7.00000E+00,+643.22E-03,-673.74E-03
+7.02500E+00,+683.42E-03,-804.39E-03
+7.05000E+00,+683.42E-03,-613.44E-03
+7.07500E+00,+668.34E-03,-327.00E-03
+7.10000E+00,+683.42E-03,+14.70E-03
+7.12500E+00,+683.42E-03,+245.86E-03
+7.15000E+00,+675.88E-03,+165.46E-03
+7.17500E+00,+683.42E-03,+260.93E-03
+7.20000E+00,+675.88E-03,+1.41169E+00
+7.22500E+00,+655.78E-03,+1.06998E+00
+7.25000E+00,+643.22E-03,+1.13531E+00
+7.27500E+00,+683.42E-03,+1.78355E+00
+7.30000E+00,+648.24E-03,+1.52727E+00
+7.32500E+00,+683.42E-03,+2.14536E+00
+7.35000E+00,+675.88E-03,+2.22576E+00
+7.37500E+00,+643.22E-03,+2.45691E+00
+7.40000E+00,+683.42E-03,+3.09008E+00
+7.42500E+00,+655.78E-03,+2.74335E+00
+7.45000E+00,+643.22E-03,+2.83380E+00
+7.47500E+00,+668.34E-03,+3.57752E+00
+7.50000E+00,-723.62E-03,+3.64787E+00
+7.52500E+00,-723.62E-03,+4.09008E+00
+7.55000E+00,-728.64E-03,+3.19058E+00
+7.57500E+00,-723.62E-03,+3.70817E+00
+7.60000E+00,-763.82E-03,+3.34134E+00
+7.62500E+00,-723.62E-03,+2.93933E+00
+7.65000E+00,-723.62E-03,+2.46194E+00
+7.67500E+00,-723.62E-03,+2.11521E+00
+7.70000E+00,-723.62E-03,+2.10516E+00
+7.72500E+00,-723.62E-03,+2.01470E+00
+7.75000E+00,-693.47E-03,+2.08003E+00
+7.77500E+00,-763.82E-03,+1.15038E+00
+7.80000E+00,-723.62E-03,+1.37651E+00
+7.82500E+00,-723.62E-03,+909.18E-03
+7.85000E+00,-723.62E-03,+1.08003E+00
+7.87500E+00,-723.62E-03,+160.43E-03
+7.90000E+00,-723.62E-03,-55.65E-03
+7.92500E+00,-723.62E-03,+64.95E-03
+7.95000E+00,-723.62E-03,-316.95E-03
+7.97500E+00,-723.62E-03,-442.58E-03
+8.00000E+00,+643.22E-03,-648.61E-03
+8.02500E+00,+668.34E-03,-588.31E-03
+8.05000E+00,+683.42E-03,-663.69E-03
+8.07500E+00,+655.78E-03,-271.73E-03
+8.10000E+00,+675.88E-03,+512.19E-03
+8.12500E+00,+683.42E-03,-191.33E-03
+8.15000E+00,+648.24E-03,+597.62E-03
+8.17500E+00,+683.42E-03,+321.24E-03
+8.20000E+00,+648.24E-03,+1.14536E+00
+8.22500E+00,+683.42E-03,+894.10E-03
+8.25000E+00,+648.24E-03,+1.67802E+00
+8.27500E+00,+683.42E-03,+1.47702E+00
+8.30000E+00,+683.42E-03,+1.60767E+00
+8.32500E+00,+668.34E-03,+1.94435E+00
+8.35000E+00,+648.24E-03,+2.58757E+00
+8.37500E+00,+655.78E-03,+2.82877E+00
+8.40000E+00,+648.24E-03,+2.44184E+00
+8.42500E+00,+643.22E-03,+2.69310E+00
+8.45000E+00,+683.42E-03,+3.27098E+00
+8.47500E+00,+683.42E-03,+4.00968E+00
+8.50000E+00,-723.62E-03,+3.87903E+00
+8.52500E+00,-723.62E-03,+3.61269E+00
+8.55000E+00,-723.62E-03,+3.48204E+00
+8.57500E+00,-723.62E-03,+3.53732E+00
+8.60000E+00,-723.62E-03,+3.07501E+00
+8.62500E+00,-723.62E-03,+3.23581E+00
+8.65000E+00,-723.62E-03,+2.81370E+00
+8.67500E+00,-723.62E-03,+2.45691E+00
+8.70000E+00,-723.62E-03,+2.37651E+00
+8.72500E+00,-723.62E-03,+2.24586E+00
+8.75000E+00,-723.62E-03,+1.90415E+00
+8.77500E+00,-748.74E-03,+1.86395E+00
+8.80000E+00,-723.62E-03,+964.45E-03
+8.82500E+00,-748.74E-03,+1.25591E+00
+8.85000E+00,-723.62E-03,+904.15E-03
+8.87500E+00,-723.62E-03,+416.71E-03
+8.90000E+00,-728.64E-03,+34.80E-03
+8.92500E+00,-736.18E-03,+391.59E-03
+8.95000E+00,-723.62E-03,+245.86E-03
+8.97500E+00,-736.18E-03,-613.44E-03
+9.00000E+00,+683.42E-03,-1.18128E+00
+9.02500E+00,+655.78E-03,-286.80E-03
+9.05000E+00,+675.88E-03,-930.02E-03
+9.07500E+00,+668.34E-03,-226.50E-03
+9.10000E+00,+683.42E-03,+281.04E-03
+9.12500E+00,+683.42E-03,+210.68E-03
+9.15000E+00,+683.42E-03,+632.79E-03
+9.17500E+00,+643.22E-03,+632.79E-03
+9.20000E+00,+643.22E-03,+647.87E-03
+9.22500E+00,+683.42E-03,+1.37149E+00
+9.25000E+00,+643.22E-03,+1.61772E+00
+9.27500E+00,+683.42E-03,+1.52727E+00
+9.30000E+00,+683.42E-03,+1.51722E+00
+9.32500E+00,+643.22E-03,+2.28104E+00
+9.35000E+00,+683.42E-03,+2.79862E+00
+9.37500E+00,+643.22E-03,+2.24586E+00
+9.40000E+00,+648.24E-03,+2.48204E+00
+9.42500E+00,+683.42E-03,+2.76847E+00
+9.45000E+00,+683.42E-03,+3.50214E+00
+9.47500E+00,+643.22E-03,+3.88405E+00
+9.50000E+00,-723.62E-03,+3.28606E+00
+9.52500E+00,-748.74E-03,+3.72325E+00
+9.55000E+00,-723.62E-03,+3.48707E+00
+9.57500E+00,-723.62E-03,+3.48707E+00
+9.60000E+00,-756.28E-03,+3.35139E+00
+9.62500E+00,-723.62E-03,+2.48204E+00
+9.65000E+00,-688.44E-03,+2.81872E+00
+9.67500E+00,-736.18E-03,+2.56244E+00
+9.70000E+00,-723.62E-03,+1.79862E+00
+9.72500E+00,-748.74E-03,+2.17048E+00
+9.75000E+00,-723.62E-03,+1.91923E+00
+9.77500E+00,-748.74E-03,+1.66797E+00
+9.80000E+00,-756.28E-03,+1.31119E+00
+9.82500E+00,-723.62E-03,+1.06495E+00
+9.85000E+00,-728.64E-03,+1.09008E+00
+9.87500E+00,-723.62E-03,+552.39E-03
+9.90000E+00,-728.64E-03,+281.04E-03
+9.92500E+00,-723.62E-03,-146.10E-03
+9.95000E+00,-723.62E-03,+100.13E-03
+9.97500E+00,-723.62E-03,-533.04E-03
+10.00000E+00,+683.42E-03,-477.76E-03
+10.02500E+00,+668.34E-03,-321.98E-03
+10.05000E+00,+648.24E-03,-120.97E-03
+10.07500E+00,+683.42E-03,-60.67E-03
+10.10000E+00,+675.88E-03,-296.85E-03
+10.12500E+00,+655.78E-03,+175.51E-03
+10.15000E+00,+648.24E-03,+552.39E-03
+10.17500E+00,+683.42E-03,+1.05993E+00
+10.20000E+00,+683.42E-03,+497.12E-03
+10.22500E+00,+683.42E-03,+1.29109E+00
+10.25000E+00,+648.24E-03,+1.19561E+00
+10.27500E+00,+668.34E-03,+1.92928E+00
+10.30000E+00,+675.88E-03,+1.43681E+00
+10.32500E+00,+655.78E-03,+1.79862E+00
+10.35000E+00,+683.42E-03,+2.50717E+00
+10.37500E+00,+668.34E-03,+2.45691E+00
+10.40000E+00,+648.24E-03,+2.66797E+00
+10.42500E+00,+643.22E-03,+3.03480E+00
+10.45000E+00,+643.22E-03,+3.20566E+00
+10.47500E+00,+655.78E-03,+3.95440E+00
+10.50000E+00,-723.62E-03,+3.40666E+00
+10.52500E+00,-723.62E-03,+3.55239E+00
+10.55000E+00,-723.62E-03,+3.77350E+00
+10.57500E+00,-723.62E-03,+3.15038E+00
+10.60000E+00,-756.28E-03,+2.84887E+00
+10.62500E+00,-723.62E-03,+3.23078E+00
+10.65000E+00,-728.64E-03,+3.00968E+00
+10.67500E+00,-723.62E-03,+2.61772E+00
+10.70000E+00,-723.62E-03,+2.19561E+00
+10.72500E+00,-736.18E-03,+2.16043E+00
+10.75000E+00,-723.62E-03,+1.75842E+00
+10.77500E+00,-723.62E-03,+1.15541E+00
+10.80000E+00,-723.62E-03,+1.50214E+00
+10.82500E+00,-763.82E-03,+1.02475E+00
+10.85000E+00,-723.62E-03,+230.78E-03
+10.87500E+00,-723.62E-03,+296.11E-03
+10.90000E+00,-723.62E-03,+592.59E-03
+10.92500E+00,-723.62E-03,-191.33E-03
+10.95000E+00,-723.62E-03,-598.36E-03
+10.97500E+00,-723.62E-03,-653.64E-03
+11.00000E+00,+683.42E-03,-739.07E-03
+11.02500E+00,+683.42E-03,-422.48E-03
+11.05000E+00,+675.88E-03,-553.14E-03
+11.07500E+00,+683.42E-03,+95.11E-03
+11.10000E+00,+643.22E-03,-286.80E-03
+11.12500E+00,+643.22E-03,+326.26E-03
+11.15000E+00,+643.22E-03,+552.39E-03
+11.17500E+00,+655.78E-03,+270.98E-03
+11.20000E+00,+648.24E-03,+1.35139E+00
+11.22500E+00,+643.22E-03,+1.20566E+00
+11.25000E+00,+683.42E-03,+1.88405E+00
+11.27500E+00,+683.42E-03,+1.53732E+00
+11.30000E+00,+683.42E-03,+1.36646E+00
+11.32500E+00,+683.42E-03,+2.08506E+00
+11.35000E+00,+683.42E-03,+2.29611E+00
+11.37500E+00,+668.34E-03,+2.35641E+00
+11.40000E+00,+675.88E-03,+3.13028E+00
+11.42500E+00,+668.34E-03,+2.90415E+00
+11.45000E+00,+675.88E-03,+3.58254E+00
+11.47500E+00,+668.34E-03,+3.45189E+00
+11.50000E+00,-756.28E-03,+3.53732E+00
+11.52500E+00,-723.62E-03,+3.92928E+00
+11.55000E+00,-723.62E-03,+3.38656E+00
+11.57500E+00,-723.62E-03,+3.09008E+00
+11.60000E+00,-728.64E-03,+3.12526E+00
+11.62500E+00,-748.74E-03,+3.09511E+00
+11.65000E+00,-723.62E-03,+2.28104E+00
+11.67500E+00,-723.62E-03,+2.14536E+00
+11.70000E+00,-723.62E-03,+2.17551E+00
+11.72500E+00,-748.74E-03,+2.09511E+00
+11.75000E+00,-723.62E-03,+1.76345E+00
+11.77500E+00,-723.62E-03,+1.57752E+00
+11.80000E+00,-723.62E-03,+904.15E-03
+11.82500E+00,-723.62E-03,+1.04485E+00
+11.85000E+00,-723.62E-03,+939.33E-03
+11.87500E+00,-748.74E-03,+758.42E-03
+11.90000E+00,-723.62E-03,+361.44E-03
+11.92500E+00,-736.18E-03,-492.83E-03
+11.95000E+00,-723.62E-03,-442.58E-03
+11.97500E+00,-723.62E-03,-191.33E-03
+12.00000E+00,+675.88E-03,-1.06570E+00
+12.02500E+00,+683.42E-03,-1.01545E+00
+12.05000E+00,+675.88E-03,-357.16E-03
+12.07500E+00,+683.42E-03,-342.08E-03
+12.10000E+00,+683.42E-03,+336.31E-03
+12.12500E+00,+683.42E-03,+19.73E-03
+12.15000E+00,+683.42E-03,+642.84E-03
+12.17500E+00,+683.42E-03,+713.20E-03
+12.20000E+00,+683.42E-03,+848.87E-03
+12.22500E+00,+683.42E-03,+1.05490E+00
+12.25000E+00,+683.42E-03,+994.60E-03
+12.27500E+00,+655.78E-03,+1.64787E+00
+12.30000E+00,+648.24E-03,+1.67802E+00
+12.32500E+00,+655.78E-03,+1.96445E+00
+12.35000E+00,+683.42E-03,+2.35641E+00
+12.37500E+00,+643.22E-03,+2.16546E+00
+12.40000E+00,+683.42E-03,+2.44184E+00
+12.42500E+00,+655.78E-03,+2.88405E+00
+12.45000E+00,+683.42E-03,+3.28606E+00
+12.47500E+00,+683.42E-03,+3.45189E+00
+12.50000E+00,-723.62E-03,+4.01973E+00
+12.52500E+00,-723.62E-03,+3.97953E+00
+12.55000E+00,-723.62E-03,+3.18556E+00
+12.57500E+00,-723.62E-03,+3.06495E+00
+12.60000E+00,-723.62E-03,+3.26093E+00
+12.62500E+00,-763.82E-03,+3.41671E+00
+12.65000E+00,-723.62E-03,+2.92928E+00
+12.67500E+00,-723.62E-03,+2.61772E+00
+12.70000E+00,-756.28E-03,+1.67802E+00
+12.72500E+00,-723.62E-03,+1.66797E+00
+12.75000E+00,-723.62E-03,+2.15541E+00
+12.77500E+00,-723.62E-03,+1.15038E+00
+12.80000E+00,-723.62E-03,+934.30E-03
+12.82500E+00,-763.82E-03,+1.00465E+00
+12.85000E+00,-723.62E-03,+602.64E-03
+12.87500E+00,-748.74E-03,+331.29E-03
+12.90000E+00,-723.62E-03,-166.20E-03
+12.92500E+00,-723.62E-03,+336.31E-03
+12.95000E+00,-763.82E-03,-382.28E-03
+12.97500E+00,-723.62E-03,-462.68E-03
+13.00000E+00,+683.42E-03,-1.23153E+00
+13.02500E+00,+683.42E-03,-914.94E-03
+13.05000E+00,+683.42E-03,-809.42E-03
+13.07500E+00,+643.22E-03,-35.55E-03
+13.10000E+00,+683.42E-03,-186.30E-03
+13.12500E+00,+683.42E-03,+150.38E-03
+13.15000E+00,+683.42E-03,+59.93E-03
+13.17500E+00,+655.78E-03,+959.43E-03
+13.20000E+00,+683.42E-03,+532.29E-03
+13.22500E+00,+668.34E-03,+989.58E-03
+13.25000E+00,+683.42E-03,+1.58254E+00
+13.27500E+00,+655.78E-03,+1.71822E+00
+13.30000E+00,+648.24E-03,+1.83882E+00
+13.32500E+00,+683.42E-03,+2.64284E+00
+13.35000E+00,+683.42E-03,+2.51722E+00
+13.37500E+00,+668.34E-03,+2.68305E+00
+13.40000E+00,+675.88E-03,+2.91420E+00
+13.42500E+00,+668.34E-03,+2.80365E+00
+13.45000E+00,+643.22E-03,+3.24586E+00
+13.47500E+00,+655.78E-03,+3.54737E+00
+13.50000E+00,-723.62E-03,+4.14536E+00
+13.52500E+00,-723.62E-03,+3.79360E+00
+13.55000E+00,-723.62E-03,+3.55239E+00
+13.57500E+00,-723.62E-03,+3.28606E+00
+13.60000E+00,-723.62E-03,+3.00968E+00
+13.62500E+00,-723.62E-03,+2.78857E+00
+13.65000E+00,-723.62E-03,+2.74335E+00
+13.67500E+00,-763.82E-03,+2.34134E+00
+13.70000E+00,-723.62E-03,+2.06495E+00
+13.72500E+00,-723.62E-03,+1.94435E+00
+13.75000E+00,-723.62E-03,+1.34134E+00
+13.77500E+00,-723.62E-03,+1.65792E+00
+13.80000E+00,-723.62E-03,+874.00E-03
+13.82500E+00,-723.62E-03,+823.75E-03
+13.85000E+00,-723.62E-03,+597.62E-03
+13.87500E+00,-723.62E-03,+396.61E-03
+13.90000E+00,-723.62E-03,+130.28E-03
+13.92500E+00,-723.62E-03,-251.63E-03
+13.95000E+00,-723.62E-03,-538.06E-03
+13.97500E+00,-748.74E-03,-246.60E-03
+14.00000E+00,+683.42E-03,-859.67E-03
+14.02500E+00,+683.42E-03,-769.22E-03
+14.05000E+00,+683.42E-03,-342.08E-03
+14.07500E+00,+668.34E-03,-45.60E-03
+14.10000E+00,+683.42E-03,+24.75E-03
+14.12500E+00,+683.42E-03,+306.16E-03
+14.15000E+00,+683.42E-03,+215.71E-03
+14.17500E+00,+683.42E-03,+688.07E-03
+14.20000E+00,+675.88E-03,+507.17E-03
+14.22500E+00,+683.42E-03,+1.60767E+00
+14.25000E+00,+683.42E-03,+1.33631E+00
+14.27500E+00,+683.42E-03,+1.54737E+00
+14.30000E+00,+675.88E-03,+1.46696E+00
+14.32500E+00,+683.42E-03,+2.52224E+00
+14.35000E+00,+683.42E-03,+1.88908E+00
+14.37500E+00,+655.78E-03,+3.04485E+00
+14.40000E+00,+683.42E-03,+3.05993E+00
+14.42500E+00,+668.34E-03,+2.87903E+00
+14.45000E+00,+675.88E-03,+3.41169E+00
+14.47500E+00,+683.42E-03,+3.76847E+00
+14.50000E+00,-723.62E-03,+3.79360E+00
+14.52500E+00,-723.62E-03,+4.14033E+00
+14.55000E+00,-728.64E-03,+3.83380E+00
+14.57500E+00,-748.74E-03,+3.44686E+00
+14.60000E+00,-723.62E-03,+2.80365E+00
+14.62500E+00,-723.62E-03,+3.23078E+00
+14.65000E+00,-723.62E-03,+2.81370E+00
+14.67500E+00,-723.62E-03,+2.42676E+00
+14.70000E+00,-723.62E-03,+1.90415E+00
+14.72500E+00,-723.62E-03,+1.43681E+00
+14.75000E+00,-756.28E-03,+1.55239E+00
+14.77500E+00,-723.62E-03,+1.81370E+00
+14.80000E+00,-723.62E-03,+828.77E-03
+14.82500E+00,-723.62E-03,+848.87E-03
+14.85000E+00,-723.62E-03,+954.40E-03
+14.87500E+00,-723.62E-03,+979.53E-03
+14.90000E+00,-756.28E-03,-35.55E-03
+14.92500E+00,-763.82E-03,-30.52E-03
+14.95000E+00,-723.62E-03,-628.51E-03
+14.97500E+00,-723.62E-03,-467.71E-03
+15.00000E+00,+648.24E-03,-879.77E-03
+15.02500E+00,+668.34E-03,-573.24E-03
+15.05000E+00,+675.88E-03,-919.97E-03
+15.07500E+00,+683.42E-03,+29.78E-03
+15.10000E+00,+683.42E-03,+120.23E-03
+15.12500E+00,+655.78E-03,+220.73E-03
+15.15000E+00,+675.88E-03,+165.46E-03
+15.17500E+00,+655.78E-03,+497.12E-03
+15.20000E+00,+683.42E-03,+612.69E-03
+15.22500E+00,+643.22E-03,+1.34636E+00
+15.25000E+00,+683.42E-03,+1.06495E+00
+15.27500E+00,+683.42E-03,+1.92425E+00
+15.30000E+00,+683.42E-03,+1.50214E+00
+15.32500E+00,+683.42E-03,+1.82877E+00
+15.35000E+00,+675.88E-03,+2.65792E+00
+15.37500E+00,+655.78E-03,+2.39159E+00
+15.40000E+00,+683.42E-03,+3.06998E+00
+15.42500E+00,+683.42E-03,+3.55239E+00
+15.45000E+00,+683.42E-03,+2.94435E+00
+15.47500E+00,+643.22E-03,+3.82877E+00
+15.50000E+00,-723.62E-03,+3.77350E+00
+15.52500E+00,-723.62E-03,+3.39159E+00
+15.55000E+00,-723.62E-03,+3.39661E+00
+15.57500E+00,-748.74E-03,+3.01470E+00
+15.60000E+00,-728.64E-03,+2.80365E+00
+15.62500E+00,-723.62E-03,+3.36646E+00
+15.65000E+00,-723.62E-03,+2.30616E+00
+15.67500E+00,-736.18E-03,+2.76345E+00
+15.70000E+00,-723.62E-03,+1.89410E+00
+15.72500E+00,-748.74E-03,+1.84385E+00
+15.75000E+00,-728.64E-03,+1.86897E+00
+15.77500E+00,-723.62E-03,+1.27098E+00
+15.80000E+00,-756.28E-03,+1.27098E+00
+15.82500E+00,-723.62E-03,+1.30114E+00
+15.85000E+00,-756.28E-03,+416.71E-03
+15.87500E+00,-736.18E-03,+647.87E-03
+15.90000E+00,-723.62E-03,+190.58E-03
+15.92500E+00,-748.74E-03,-176.25E-03
+15.95000E+00,-723.62E-03,-120.97E-03
+15.97500E+00,,
+16.00000E+00,,
+16.02500E+00,,
+16.05000E+00,,
+16.07500E+00,,
+16.10000E+00,,
+16.12500E+00,,
+16.15000E+00,,
+16.17500E+00,,
+16.20000E+00,,
+16.22500E+00,,
+16.25000E+00,,
+16.27500E+00,,
+16.30000E+00,,
+16.32500E+00,,
+16.35000E+00,,
+16.37500E+00,,
