x-axis,1,3
second,Volt,Volt
-5.844000E+00,-46.794E-03,-295.980E-03
-5.839000E+00,-46.794E-03,-295.980E-03
-5.834000E+00,-46.794E-03,-295.980E-03
-5.829000E+00,-46.794E-03,-295.980E-03
-5.824000E+00,-46.794E-03,-295.980E-03
-5.819000E+00,-46.794E-03,-295.980E-03
-5.814000E+00,-46.794E-03,-295.980E-03
-5.809000E+00,-44.281E-03,-295.980E-03
-5.804000E+00,-46.794E-03,-295.980E-03
-5.799000E+00,-46.794E-03,-295.980E-03
-5.794000E+00,-46.794E-03,-295.980E-03
-5.789000E+00,-46.794E-03,-295.980E-03
-5.784000E+00,-46.794E-03,-295.980E-03
-5.779000E+00,-46.794E-03,-295.980E-03
-5.774000E+00,-46.794E-03,-295.980E-03
-5.769000E+00,-46.794E-03,-295.980E-03
-5.764000E+00,-46.794E-03,-295.980E-03
-5.759000E+00,-46.794E-03,-295.980E-03
-5.754000E+00,-46.794E-03,-295.980E-03
-5.749000E+00,-46.794E-03,-295.980E-03
-5.744000E+00,-46.794E-03,-295.980E-03
-5.739000E+00,-46.794E-03,-295.980E-03
-5.734000E+00,-46.794E-03,-295.980E-03
-5.729000E+00,-46.794E-03,-295.980E-03
-5.724000E+00,-46.794E-03,-295.980E-03
-5.719000E+00,-46.794E-03,-295.980E-03
-5.714000E+00,-46.794E-03,-295.980E-03
-5.709000E+00,-46.794E-03,-295.980E-03
-5.704000E+00,-46.794E-03,-295.980E-03
-5.699000E+00,-46.794E-03,-295.980E-03
-5.694000E+00,-46.794E-03,-295.980E-03
-5.689000E+00,-46.794E-03,-295.980E-03
-5.684000E+00,-46.794E-03,-295.980E-03
-5.679000E+00,-46.794E-03,-295.980E-03
-5.674000E+00,-46.794E-03,-295.980E-03
-5.669000E+00,-46.794E-03,-295.980E-03
-5.664000E+00,-46.794E-03,-295.980E-03
-5.659000E+00,-46.794E-03,-295.980E-03
-5.654000E+00,-46.794E-03,-295.980E-03
-5.649000E+00,-46.794E-03,-295.980E-03
-5.644000E+00,-46.794E-03,-295.980E-03
-5.639000E+00,-44.281E-03,-295.980E-03
-5.634000E+00,-46.794E-03,-295.980E-03
-5.629000E+00,-46.794E-03,-295.980E-03
-5.624000E+00,-46.794E-03,-295.980E-03
-5.619000E+00,-46.794E-03,-295.980E-03
-5.614000E+00,-46.794E-03,-295.980E-03
-5.609000E+00,-46.794E-03,-295.980E-03
-5.604000E+00,-46.794E-03,-295.980E-03
-5.599000E+00,-46.794E-03,-295.980E-03
-5.594000E+00,-46.794E-03,-295.980E-03
-5.589000E+00,-44.281E-03,-295.980E-03
-5.584000E+00,-46.794E-03,-295.980E-03
-5.579000E+00,-46.794E-03,-295.980E-03
-5.574000E+00,-46.794E-03,-295.980E-03
-5.569000E+00,-46.794E-03,-295.980E-03
-5.564000E+00,-46.794E-03,-295.980E-03
-5.559000E+00,-46.794E-03,-295.980E-03
-5.554000E+00,-46.794E-03,-295.980E-03
-5.549000E+00,-46.794E-03,-295.980E-03
-5.544000E+00,-46.794E-03,-295.980E-03
-5.539000E+00,-46.794E-03,-295.980E-03
-5.534000E+00,-46.794E-03,-295.980E-03
-5.529000E+00,-46.794E-03,-295.980E-03
-5.524000E+00,-46.794E-03,-295.980E-03
-5.519000E+00,-46.794E-03,-295.980E-03
-5.514000E+00,-46.794E-03,-295.980E-03
-5.509000E+00,-46.794E-03,-295.980E-03
-5.504000E+00,-46.794E-03,-295.980E-03
-5.499000E+00,-46.794E-03,-295.980E-03
-5.494000E+00,-46.794E-03,-295.980E-03
-5.489000E+00,-46.794E-03,-295.980E-03
-5.484000E+00,-46.794E-03,-295.980E-03
-5.479000E+00,-46.794E-03,-295.980E-03
-5.474000E+00,-46.794E-03,-295.980E-03
-5.469000E+00,-46.794E-03,-295.980E-03
-5.464000E+00,-46.794E-03,-295.980E-03
-5.459000E+00,-46.794E-03,-295.980E-03
-5.454000E+00,-46.794E-03,-295.980E-03
-5.449000E+00,-46.794E-03,-295.980E-03
-5.444000E+00,-44.281E-03,-295.980E-03
-5.439000E+00,-46.794E-03,-295.980E-03
-5.434000E+00,-46.794E-03,-295.980E-03
-5.429000E+00,-46.794E-03,-295.980E-03
-5.424000E+00,-44.281E-03,-295.980E-03
-5.419000E+00,-46.794E-03,-295.980E-03
-5.414000E+00,-46.794E-03,-295.980E-03
-5.409000E+00,-46.794E-03,-295.980E-03
-5.404000E+00,-46.794E-03,-295.980E-03
-5.399000E+00,+862.754E-03,-311.055E-03
-5.394000E+00,+865.266E-03,-295.980E-03
-5.389000E+00,+862.754E-03,-260.804E-03
-5.384000E+00,+865.266E-03,-215.578E-03
-5.379000E+00,+865.266E-03,-170.352E-03
-5.374000E+00,+862.754E-03,-120.101E-03
-5.369000E+00,+865.266E-03,-69.849E-03
-5.364000E+00,+865.266E-03,-14.573E-03
-5.359000E+00,+865.266E-03,+45.729E-03
-5.354000E+00,+865.266E-03,+106.030E-03
-5.349000E+00,+862.754E-03,+161.307E-03
-5.344000E+00,+862.754E-03,+226.633E-03
-5.339000E+00,+862.754E-03,+281.910E-03
-5.334000E+00,+862.754E-03,+342.211E-03
-5.329000E+00,+865.266E-03,+407.538E-03
-5.324000E+00,+862.754E-03,+467.839E-03
-5.319000E+00,+865.266E-03,+533.166E-03
-5.314000E+00,+865.266E-03,+598.492E-03
-5.309000E+00,+865.266E-03,+658.794E-03
-5.304000E+00,+862.754E-03,+724.121E-03
-5.299000E+00,+862.754E-03,+789.447E-03
-5.294000E+00,+862.754E-03,+849.749E-03
-5.289000E+00,+862.754E-03,+915.075E-03
-5.284000E+00,+862.754E-03,+975.377E-03
-5.279000E+00,+865.266E-03,+1.040704E+00
-5.274000E+00,+862.754E-03,+1.101005E+00
-5.269000E+00,+862.754E-03,+1.161307E+00
-5.264000E+00,+862.754E-03,+1.221608E+00
-5.259000E+00,+862.754E-03,+1.286935E+00
-5.254000E+00,+862.754E-03,+1.347236E+00
-5.249000E+00,+865.266E-03,+1.412563E+00
-5.244000E+00,+865.266E-03,+1.472864E+00
-5.239000E+00,+865.266E-03,+1.533166E+00
-5.234000E+00,+862.754E-03,+1.593467E+00
-5.229000E+00,+862.754E-03,+1.653769E+00
-5.224000E+00,+862.754E-03,+1.714070E+00
-5.219000E+00,+862.754E-03,+1.779397E+00
-5.214000E+00,+862.754E-03,+1.839698E+00
-5.209000E+00,+862.754E-03,+1.894975E+00
-5.204000E+00,+865.266E-03,+1.955276E+00
-5.199000E+00,+865.266E-03,+2.015578E+00
-5.194000E+00,+865.266E-03,+2.085930E+00
-5.189000E+00,+865.266E-03,+2.141206E+00
-5.184000E+00,+865.266E-03,+2.211558E+00
-5.179000E+00,+862.754E-03,+2.281910E+00
-5.174000E+00,+865.266E-03,+2.337186E+00
-5.169000E+00,+865.266E-03,+2.407538E+00
-5.164000E+00,+865.266E-03,+2.467839E+00
-5.159000E+00,+862.754E-03,+2.533166E+00
-5.154000E+00,+865.266E-03,+2.593467E+00
-5.149000E+00,+862.754E-03,+2.658794E+00
-5.144000E+00,+865.266E-03,+2.724121E+00
-5.139000E+00,+865.266E-03,+2.784422E+00
-5.134000E+00,+862.754E-03,+2.849749E+00
-5.129000E+00,+865.266E-03,+2.910050E+00
-5.124000E+00,+862.754E-03,+2.975377E+00
-5.119000E+00,+862.754E-03,+3.035678E+00
-5.114000E+00,+862.754E-03,+3.101005E+00
-5.109000E+00,+865.266E-03,+3.161306E+00
-5.104000E+00,+850.191E-03,+3.226633E+00
-5.099000E+00,-44.281E-03,+3.291960E+00
-5.094000E+00,-46.794E-03,+3.337186E+00
-5.089000E+00,-46.794E-03,+3.367337E+00
-5.084000E+00,-46.794E-03,+3.382412E+00
-5.079000E+00,-46.794E-03,+3.392462E+00
-5.074000E+00,-46.794E-03,+3.402513E+00
-5.069000E+00,-44.281E-03,+3.407538E+00
-5.064000E+00,-44.281E-03,+3.407538E+00
-5.059000E+00,-46.794E-03,+3.412563E+00
-5.054000E+00,-46.794E-03,+3.412563E+00
-5.049000E+00,-46.794E-03,+3.412563E+00
-5.044000E+00,-46.794E-03,+3.412563E+00
-5.039000E+00,-46.794E-03,+3.407538E+00
-5.034000E+00,-46.794E-03,+3.412563E+00
-5.029000E+00,-46.794E-03,+3.412563E+00
-5.024000E+00,-46.794E-03,+3.407538E+00
-5.019000E+00,-46.794E-03,+3.407538E+00
-5.014000E+00,-46.794E-03,+3.412563E+00
-5.009000E+00,-46.794E-03,+3.412563E+00
-5.004000E+00,-46.794E-03,+3.412563E+00
-4.999000E+00,-46.794E-03,+3.412563E+00
-4.994000E+00,-46.794E-03,+3.412563E+00
-4.989000E+00,-46.794E-03,+3.407538E+00
-4.984000E+00,-46.794E-03,+3.412563E+00
-4.979000E+00,-46.794E-03,+3.412563E+00
-4.974000E+00,-46.794E-03,+3.412563E+00
-4.969000E+00,-46.794E-03,+3.412563E+00
-4.964000E+00,-46.794E-03,+3.412563E+00
-4.959000E+00,-46.794E-03,+3.407538E+00
-4.954000E+00,-46.794E-03,+3.412563E+00
-4.949000E+00,-46.794E-03,+3.407538E+00
-4.944000E+00,-46.794E-03,+3.407538E+00
-4.939000E+00,-46.794E-03,+3.412563E+00
-4.934000E+00,-46.794E-03,+3.407538E+00
-4.929000E+00,-46.794E-03,+3.412563E+00
-4.924000E+00,-44.281E-03,+3.412563E+00
-4.919000E+00,-46.794E-03,+3.412563E+00
-4.914000E+00,-46.794E-03,+3.412563E+00
-4.909000E+00,-46.794E-03,+3.412563E+00
-4.904000E+00,-46.794E-03,+3.412563E+00
-4.899000E+00,-46.794E-03,+3.412563E+00
-4.894000E+00,-46.794E-03,+3.412563E+00
-4.889000E+00,-46.794E-03,+3.407538E+00
-4.884000E+00,-46.794E-03,+3.407538E+00
-4.879000E+00,-46.794E-03,+3.407538E+00
-4.874000E+00,-46.794E-03,+3.407538E+00
-4.869000E+00,-46.794E-03,+3.412563E+00
-4.864000E+00,-46.794E-03,+3.407538E+00
-4.859000E+00,-46.794E-03,+3.407538E+00
-4.854000E+00,-46.794E-03,+3.412563E+00
-4.849000E+00,-46.794E-03,+3.412563E+00
-4.844000E+00,-46.794E-03,+3.412563E+00
-4.839000E+00,-46.794E-03,+3.412563E+00
-4.834000E+00,-46.794E-03,+3.407538E+00
-4.829000E+00,-46.794E-03,+3.412563E+00
-4.824000E+00,-46.794E-03,+3.412563E+00
-4.819000E+00,-46.794E-03,+3.412563E+00
-4.814000E+00,-46.794E-03,+3.412563E+00
-4.809000E+00,-46.794E-03,+3.412563E+00
-4.804000E+00,-46.794E-03,+3.412563E+00
-4.799000E+00,-46.794E-03,+3.407538E+00
-4.794000E+00,-46.794E-03,+3.412563E+00
-4.789000E+00,-46.794E-03,+3.412563E+00
-4.784000E+00,-46.794E-03,+3.412563E+00
-4.779000E+00,-46.794E-03,+3.407538E+00
-4.774000E+00,-46.794E-03,+3.412563E+00
-4.769000E+00,-46.794E-03,+3.412563E+00
-4.764000E+00,-46.794E-03,+3.412563E+00
-4.759000E+00,-46.794E-03,+3.412563E+00
-4.754000E+00,-46.794E-03,+3.412563E+00
-4.749000E+00,-46.794E-03,+3.412563E+00
-4.744000E+00,-46.794E-03,+3.412563E+00
-4.739000E+00,-46.794E-03,+3.412563E+00
-4.734000E+00,-46.794E-03,+3.412563E+00
-4.729000E+00,-46.794E-03,+3.412563E+00
-4.724000E+00,-46.794E-03,+3.412563E+00
-4.719000E+00,-46.794E-03,+3.412563E+00
-4.714000E+00,-46.794E-03,+3.412563E+00
-4.709000E+00,-46.794E-03,+3.407538E+00
-4.704000E+00,-46.794E-03,+3.412563E+00
-4.699000E+00,-46.794E-03,+3.412563E+00
-4.694000E+00,-46.794E-03,+3.407538E+00
-4.689000E+00,-46.794E-03,+3.412563E+00
-4.684000E+00,-46.794E-03,+3.407538E+00
-4.679000E+00,-46.794E-03,+3.412563E+00
-4.674000E+00,-46.794E-03,+3.412563E+00
-4.669000E+00,-46.794E-03,+3.407538E+00
-4.664000E+00,-46.794E-03,+3.412563E+00
-4.659000E+00,-44.281E-03,+3.412563E+00
-4.654000E+00,-44.281E-03,+3.407538E+00
-4.649000E+00,-46.794E-03,+3.412563E+00
-4.644000E+00,-46.794E-03,+3.412563E+00
-4.639000E+00,-46.794E-03,+3.412563E+00
-4.634000E+00,-44.281E-03,+3.407538E+00
-4.629000E+00,-46.794E-03,+3.412563E+00
-4.624000E+00,-46.794E-03,+3.412563E+00
-4.619000E+00,-46.794E-03,+3.412563E+00
-4.614000E+00,-46.794E-03,+3.412563E+00
-4.609000E+00,-46.794E-03,+3.412563E+00
-4.604000E+00,-46.794E-03,+3.412563E+00
-4.599000E+00,-46.794E-03,+3.412563E+00
-4.594000E+00,-46.794E-03,+3.412563E+00
-4.589000E+00,-46.794E-03,+3.412563E+00
-4.584000E+00,-46.794E-03,+3.412563E+00
-4.579000E+00,-46.794E-03,+3.412563E+00
-4.574000E+00,-46.794E-03,+3.412563E+00
-4.569000E+00,-46.794E-03,+3.412563E+00
-4.564000E+00,-46.794E-03,+3.412563E+00
-4.559000E+00,-46.794E-03,+3.412563E+00
-4.554000E+00,-46.794E-03,+3.412563E+00
-4.549000E+00,-46.794E-03,+3.412563E+00
-4.544000E+00,-46.794E-03,+3.412563E+00
-4.539000E+00,-46.794E-03,+3.412563E+00
-4.534000E+00,-46.794E-03,+3.412563E+00
-4.529000E+00,-46.794E-03,+3.412563E+00
-4.524000E+00,-46.794E-03,+3.407538E+00
-4.519000E+00,-46.794E-03,+3.412563E+00
-4.514000E+00,-46.794E-03,+3.412563E+00
-4.509000E+00,-46.794E-03,+3.412563E+00
-4.504000E+00,-46.794E-03,+3.412563E+00
-4.499000E+00,-46.794E-03,+3.412563E+00
-4.494000E+00,-46.794E-03,+3.412563E+00
-4.489000E+00,-46.794E-03,+3.412563E+00
-4.484000E+00,-46.794E-03,+3.412563E+00
-4.479000E+00,-46.794E-03,+3.407538E+00
-4.474000E+00,-46.794E-03,+3.412563E+00
-4.469000E+00,-46.794E-03,+3.412563E+00
-4.464000E+00,-46.794E-03,+3.412563E+00
-4.459000E+00,-46.794E-03,+3.407538E+00
-4.454000E+00,-46.794E-03,+3.412563E+00
-4.449000E+00,-46.794E-03,+3.412563E+00
-4.444000E+00,-46.794E-03,+3.412563E+00
-4.439000E+00,-46.794E-03,+3.412563E+00
-4.434000E+00,-46.794E-03,+3.412563E+00
-4.429000E+00,-46.794E-03,+3.412563E+00
-4.424000E+00,-46.794E-03,+3.412563E+00
-4.419000E+00,-46.794E-03,+3.412563E+00
-4.414000E+00,-46.794E-03,+3.412563E+00
-4.409000E+00,-46.794E-03,+3.412563E+00
-4.404000E+00,-46.794E-03,+3.412563E+00
-4.399000E+00,-46.794E-03,+3.412563E+00
-4.394000E+00,-46.794E-03,+3.412563E+00
-4.389000E+00,-46.794E-03,+3.412563E+00
-4.384000E+00,-46.794E-03,+3.412563E+00
-4.379000E+00,-46.794E-03,+3.407538E+00
-4.374000E+00,-44.281E-03,+3.412563E+00
-4.369000E+00,-46.794E-03,+3.412563E+00
-4.364000E+00,-46.794E-03,+3.412563E+00
-4.359000E+00,-46.794E-03,+3.412563E+00
-4.354000E+00,-46.794E-03,+3.412563E+00
-4.349000E+00,-46.794E-03,+3.412563E+00
-4.344000E+00,-46.794E-03,+3.412563E+00
-4.339000E+00,-46.794E-03,+3.412563E+00
-4.334000E+00,-46.794E-03,+3.412563E+00
-4.329000E+00,-46.794E-03,+3.412563E+00
-4.324000E+00,-46.794E-03,+3.412563E+00
-4.319000E+00,-46.794E-03,+3.412563E+00
-4.314000E+00,-44.281E-03,+3.407538E+00
-4.309000E+00,-46.794E-03,+3.412563E+00
-4.304000E+00,-46.794E-03,+3.407538E+00
-4.299000E+00,-938.754E-03,+3.417588E+00
-4.294000E+00,-938.754E-03,+3.412563E+00
-4.289000E+00,-938.754E-03,+3.377387E+00
-4.284000E+00,-938.754E-03,+3.347236E+00
-4.279000E+00,-938.754E-03,+3.286935E+00
-4.274000E+00,-938.754E-03,+3.241709E+00
-4.269000E+00,-941.266E-03,+3.181407E+00
-4.264000E+00,-938.754E-03,+3.126131E+00
-4.259000E+00,-941.266E-03,+3.060804E+00
-4.254000E+00,-941.266E-03,+3.005528E+00
-4.249000E+00,-941.266E-03,+2.940201E+00
-4.244000E+00,-941.266E-03,+2.884925E+00
-4.239000E+00,-941.266E-03,+2.819598E+00
-4.234000E+00,-941.266E-03,+2.759296E+00
-4.229000E+00,-938.754E-03,+2.693970E+00
-4.224000E+00,-938.754E-03,+2.628643E+00
-4.219000E+00,-938.754E-03,+2.563317E+00
-4.214000E+00,-941.266E-03,+2.497990E+00
-4.209000E+00,-941.266E-03,+2.442714E+00
-4.204000E+00,-938.754E-03,+2.372362E+00
-4.199000E+00,-938.754E-03,+2.312060E+00
-4.194000E+00,-938.754E-03,+2.231658E+00
-4.189000E+00,-941.266E-03,+2.171357E+00
-4.184000E+00,-941.266E-03,+2.106030E+00
-4.179000E+00,-941.266E-03,+2.035678E+00
-4.174000E+00,-938.754E-03,+1.970352E+00
-4.169000E+00,-938.754E-03,+1.905025E+00
-4.164000E+00,-938.754E-03,+1.839698E+00
-4.159000E+00,-938.754E-03,+1.774372E+00
-4.154000E+00,-941.266E-03,+1.709045E+00
-4.149000E+00,-938.754E-03,+1.643719E+00
-4.144000E+00,-941.266E-03,+1.583417E+00
-4.139000E+00,-938.754E-03,+1.518090E+00
-4.134000E+00,-938.754E-03,+1.452764E+00
-4.129000E+00,-938.754E-03,+1.392462E+00
-4.124000E+00,-941.266E-03,+1.322111E+00
-4.119000E+00,-938.754E-03,+1.271859E+00
-4.114000E+00,-938.754E-03,+1.201508E+00
-4.109000E+00,-938.754E-03,+1.141206E+00
-4.104000E+00,-941.266E-03,+1.075879E+00
-4.099000E+00,-941.266E-03,+1.015578E+00
-4.094000E+00,-938.754E-03,+950.251E-03
-4.089000E+00,-938.754E-03,+889.950E-03
-4.084000E+00,-938.754E-03,+819.598E-03
-4.079000E+00,-938.754E-03,+754.271E-03
-4.074000E+00,-938.754E-03,+688.945E-03
-4.069000E+00,-941.266E-03,+623.618E-03
-4.064000E+00,-941.266E-03,+558.291E-03
-4.059000E+00,-938.754E-03,+487.940E-03
-4.054000E+00,-938.754E-03,+422.613E-03
-4.049000E+00,-938.754E-03,+357.286E-03
-4.044000E+00,-938.754E-03,+291.960E-03
-4.039000E+00,-941.266E-03,+226.633E-03
-4.034000E+00,-941.266E-03,+166.332E-03
-4.029000E+00,-938.754E-03,+95.980E-03
-4.024000E+00,-938.754E-03,+30.653E-03
-4.019000E+00,-938.754E-03,-34.673E-03
-4.014000E+00,-938.754E-03,-94.975E-03
-4.009000E+00,-938.754E-03,-155.276E-03
-4.004000E+00,-938.754E-03,-215.578E-03
-3.999000E+00,-44.281E-03,-295.980E-03
-3.994000E+00,-44.281E-03,-336.181E-03
-3.989000E+00,-44.281E-03,-361.307E-03
-3.984000E+00,-46.794E-03,-386.432E-03
-3.979000E+00,-46.794E-03,-396.482E-03
-3.974000E+00,-46.794E-03,-406.533E-03
-3.969000E+00,-46.794E-03,-411.558E-03
-3.964000E+00,-46.794E-03,-416.583E-03
-3.959000E+00,-46.794E-03,-421.608E-03
-3.954000E+00,-46.794E-03,-421.608E-03
-3.949000E+00,-46.794E-03,-416.583E-03
-3.944000E+00,-46.794E-03,-416.583E-03
-3.939000E+00,-44.281E-03,-416.583E-03
-3.934000E+00,-46.794E-03,-416.583E-03
-3.929000E+00,-46.794E-03,-421.608E-03
-3.924000E+00,-46.794E-03,-416.583E-03
-3.919000E+00,-46.794E-03,-416.583E-03
-3.914000E+00,-46.794E-03,-416.583E-03
-3.909000E+00,-44.281E-03,-416.583E-03
-3.904000E+00,-44.281E-03,-416.583E-03
-3.899000E+00,-44.281E-03,-416.583E-03
-3.894000E+00,-46.794E-03,-416.583E-03
-3.889000E+00,-46.794E-03,-416.583E-03
-3.884000E+00,-44.281E-03,-416.583E-03
-3.879000E+00,-44.281E-03,-416.583E-03
-3.874000E+00,-46.794E-03,-416.583E-03
-3.869000E+00,-44.281E-03,-416.583E-03
-3.864000E+00,-46.794E-03,-416.583E-03
-3.859000E+00,-46.794E-03,-416.583E-03
-3.854000E+00,-46.794E-03,-416.583E-03
-3.849000E+00,-46.794E-03,-416.583E-03
-3.844000E+00,-46.794E-03,-416.583E-03
-3.839000E+00,-46.794E-03,-416.583E-03
-3.834000E+00,-46.794E-03,-416.583E-03
-3.829000E+00,-46.794E-03,-416.583E-03
-3.824000E+00,-46.794E-03,-416.583E-03
-3.819000E+00,-46.794E-03,-421.608E-03
-3.814000E+00,-46.794E-03,-416.583E-03
-3.809000E+00,-46.794E-03,-416.583E-03
-3.804000E+00,-46.794E-03,-416.583E-03
-3.799000E+00,-46.794E-03,-416.583E-03
-3.794000E+00,-46.794E-03,-421.608E-03
-3.789000E+00,-46.794E-03,-416.583E-03
-3.784000E+00,-46.794E-03,-421.608E-03
-3.779000E+00,-46.794E-03,-421.608E-03
-3.774000E+00,-46.794E-03,-421.608E-03
-3.769000E+00,-46.794E-03,-416.583E-03
-3.764000E+00,-46.794E-03,-416.583E-03
-3.759000E+00,-46.794E-03,-421.608E-03
-3.754000E+00,-46.794E-03,-416.583E-03
-3.749000E+00,-46.794E-03,-416.583E-03
-3.744000E+00,-46.794E-03,-416.583E-03
-3.739000E+00,-46.794E-03,-421.608E-03
-3.734000E+00,-46.794E-03,-421.608E-03
-3.729000E+00,-46.794E-03,-421.608E-03
-3.724000E+00,-46.794E-03,-421.608E-03
-3.719000E+00,-46.794E-03,-421.608E-03
-3.714000E+00,-46.794E-03,-421.608E-03
-3.709000E+00,-46.794E-03,-421.608E-03
-3.704000E+00,-46.794E-03,-421.608E-03
-3.699000E+00,-46.794E-03,-421.608E-03
-3.694000E+00,-46.794E-03,-421.608E-03
-3.689000E+00,-46.794E-03,-421.608E-03
-3.684000E+00,-46.794E-03,-421.608E-03
-3.679000E+00,-46.794E-03,-421.608E-03
-3.674000E+00,-46.794E-03,-421.608E-03
-3.669000E+00,-46.794E-03,-421.608E-03
-3.664000E+00,-46.794E-03,-421.608E-03
-3.659000E+00,-46.794E-03,-421.608E-03
-3.654000E+00,-46.794E-03,-421.608E-03
-3.649000E+00,-46.794E-03,-421.608E-03
-3.644000E+00,-46.794E-03,-421.608E-03
-3.639000E+00,-46.794E-03,-421.608E-03
-3.634000E+00,-46.794E-03,-421.608E-03
-3.629000E+00,-46.794E-03,-421.608E-03
-3.624000E+00,-46.794E-03,-421.608E-03
-3.619000E+00,-46.794E-03,-421.608E-03
-3.614000E+00,-46.794E-03,-421.608E-03
-3.609000E+00,-44.281E-03,-421.608E-03
-3.604000E+00,-46.794E-03,-421.608E-03
-3.599000E+00,-46.794E-03,-421.608E-03
-3.594000E+00,-46.794E-03,-421.608E-03
-3.589000E+00,-46.794E-03,-421.608E-03
-3.584000E+00,-46.794E-03,-421.608E-03
-3.579000E+00,-46.794E-03,-421.608E-03
-3.574000E+00,-46.794E-03,-421.608E-03
-3.569000E+00,-46.794E-03,-421.608E-03
-3.564000E+00,-46.794E-03,-421.608E-03
-3.559000E+00,-46.794E-03,-421.608E-03
-3.554000E+00,-46.794E-03,-421.608E-03
-3.549000E+00,-46.794E-03,-421.608E-03
-3.544000E+00,-46.794E-03,-421.608E-03
-3.539000E+00,-46.794E-03,-421.608E-03
-3.534000E+00,-46.794E-03,-421.608E-03
-3.529000E+00,-46.794E-03,-421.608E-03
-3.524000E+00,-46.794E-03,-421.608E-03
-3.519000E+00,-46.794E-03,-421.608E-03
-3.514000E+00,-46.794E-03,-421.608E-03
-3.509000E+00,-46.794E-03,-421.608E-03
-3.504000E+00,-46.794E-03,-421.608E-03
-3.499000E+00,-46.794E-03,-421.608E-03
-3.494000E+00,-46.794E-03,-421.608E-03
-3.489000E+00,-44.281E-03,-421.608E-03
-3.484000E+00,-44.281E-03,-421.608E-03
-3.479000E+00,-46.794E-03,-421.608E-03
-3.474000E+00,-46.794E-03,-421.608E-03
-3.469000E+00,-44.281E-03,-421.608E-03
-3.464000E+00,-44.281E-03,-421.608E-03
-3.459000E+00,-44.281E-03,-421.608E-03
-3.454000E+00,-44.281E-03,-421.608E-03
-3.449000E+00,-44.281E-03,-421.608E-03
-3.444000E+00,-44.281E-03,-421.608E-03
-3.439000E+00,-46.794E-03,-421.608E-03
-3.434000E+00,-44.281E-03,-421.608E-03
-3.429000E+00,-44.281E-03,-421.608E-03
-3.424000E+00,-44.281E-03,-421.608E-03
-3.419000E+00,-46.794E-03,-421.608E-03
-3.414000E+00,-46.794E-03,-421.608E-03
-3.409000E+00,-46.794E-03,-426.633E-03
-3.404000E+00,-46.794E-03,-421.608E-03
-3.399000E+00,-46.794E-03,-421.608E-03
-3.394000E+00,-46.794E-03,-421.608E-03
-3.389000E+00,-46.794E-03,-421.608E-03
-3.384000E+00,-44.281E-03,-421.608E-03
-3.379000E+00,-44.281E-03,-421.608E-03
-3.374000E+00,-46.794E-03,-421.608E-03
-3.369000E+00,-44.281E-03,-421.608E-03
-3.364000E+00,-44.281E-03,-421.608E-03
-3.359000E+00,-46.794E-03,-421.608E-03
-3.354000E+00,-44.281E-03,-421.608E-03
-3.349000E+00,-46.794E-03,-421.608E-03
-3.344000E+00,-46.794E-03,-421.608E-03
-3.339000E+00,-46.794E-03,-421.608E-03
-3.334000E+00,-46.794E-03,-421.608E-03
-3.329000E+00,-46.794E-03,-421.608E-03
-3.324000E+00,-46.794E-03,-421.608E-03
-3.319000E+00,-46.794E-03,-421.608E-03
-3.314000E+00,-46.794E-03,-421.608E-03
-3.309000E+00,-46.794E-03,-421.608E-03
-3.304000E+00,-46.794E-03,-421.608E-03
-3.299000E+00,-46.794E-03,-421.608E-03
-3.294000E+00,-46.794E-03,-421.608E-03
-3.289000E+00,-46.794E-03,-421.608E-03
-3.284000E+00,-46.794E-03,-421.608E-03
-3.279000E+00,-44.281E-03,-421.608E-03
-3.274000E+00,-44.281E-03,-421.608E-03
-3.269000E+00,-44.281E-03,-421.608E-03
-3.264000E+00,-46.794E-03,-421.608E-03
-3.259000E+00,-46.794E-03,-421.608E-03
-3.254000E+00,-46.794E-03,-421.608E-03
-3.249000E+00,-46.794E-03,-421.608E-03
-3.244000E+00,-46.794E-03,-421.608E-03
-3.239000E+00,-46.794E-03,-421.608E-03
-3.234000E+00,-46.794E-03,-421.608E-03
-3.229000E+00,-46.794E-03,-421.608E-03
-3.224000E+00,-44.281E-03,-421.608E-03
-3.219000E+00,-46.794E-03,-421.608E-03
-3.214000E+00,-44.281E-03,-421.608E-03
-3.209000E+00,-46.794E-03,-421.608E-03
-3.204000E+00,-46.794E-03,-421.608E-03
-3.199000E+00,-938.754E-03,-416.583E-03
-3.194000E+00,-938.754E-03,-436.683E-03
-3.189000E+00,-938.754E-03,-456.784E-03
-3.184000E+00,-938.754E-03,-507.035E-03
-3.179000E+00,-938.754E-03,-552.261E-03
-3.174000E+00,-938.754E-03,-602.513E-03
-3.169000E+00,-938.754E-03,-662.814E-03
-3.164000E+00,-938.754E-03,-713.065E-03
-3.159000E+00,-938.754E-03,-773.367E-03
-3.154000E+00,-938.754E-03,-828.643E-03
-3.149000E+00,-938.754E-03,-888.945E-03
-3.144000E+00,-938.754E-03,-949.246E-03
-3.139000E+00,-938.754E-03,-1.014573E+00
-3.134000E+00,-938.754E-03,-1.079899E+00
-3.129000E+00,-938.754E-03,-1.140201E+00
-3.124000E+00,-938.754E-03,-1.205528E+00
-3.119000E+00,-938.754E-03,-1.265829E+00
-3.114000E+00,-938.754E-03,-1.331156E+00
-3.109000E+00,-938.754E-03,-1.396482E+00
-3.104000E+00,-938.754E-03,-1.456784E+00
-3.099000E+00,-938.754E-03,-1.522111E+00
-3.094000E+00,-938.754E-03,-1.592462E+00
-3.089000E+00,-938.754E-03,-1.652764E+00
-3.084000E+00,-938.754E-03,-1.723116E+00
-3.079000E+00,-938.754E-03,-1.788442E+00
-3.074000E+00,-938.754E-03,-1.858794E+00
-3.069000E+00,-938.754E-03,-1.924121E+00
-3.064000E+00,-938.754E-03,-1.984422E+00
-3.059000E+00,-938.754E-03,-2.049749E+00
-3.054000E+00,-938.754E-03,-2.115075E+00
-3.049000E+00,-938.754E-03,-2.185427E+00
-3.044000E+00,-938.754E-03,-2.245729E+00
-3.039000E+00,-938.754E-03,-2.316080E+00
-3.034000E+00,-938.754E-03,-2.381407E+00
-3.029000E+00,-938.754E-03,-2.451759E+00
-3.024000E+00,-938.754E-03,-2.517085E+00
-3.019000E+00,-938.754E-03,-2.587437E+00
-3.014000E+00,-938.754E-03,-2.647739E+00
-3.009000E+00,-938.754E-03,-2.723116E+00
-3.004000E+00,-938.754E-03,-2.783417E+00
-2.999000E+00,-938.754E-03,-2.853769E+00
-2.994000E+00,-938.754E-03,-2.919095E+00
-2.989000E+00,-938.754E-03,-2.984422E+00
-2.984000E+00,-938.754E-03,-3.049749E+00
-2.979000E+00,-941.266E-03,-3.115075E+00
-2.974000E+00,-938.754E-03,-3.180402E+00
-2.969000E+00,-938.754E-03,-3.250754E+00
-2.964000E+00,-938.754E-03,-3.311055E+00
-2.959000E+00,-938.754E-03,-3.381407E+00
-2.954000E+00,-938.754E-03,-3.446734E+00
-2.949000E+00,-938.754E-03,-3.512060E+00
-2.944000E+00,-941.266E-03,-3.572362E+00
-2.939000E+00,-938.754E-03,-3.642714E+00
-2.934000E+00,-938.754E-03,-3.708040E+00
-2.929000E+00,-941.266E-03,-3.773367E+00
-2.924000E+00,-938.754E-03,-3.843719E+00
-2.919000E+00,-938.754E-03,-3.898995E+00
-2.914000E+00,-938.754E-03,-3.974372E+00
-2.909000E+00,-938.754E-03,-4.034673E+00
-2.904000E+00,-938.754E-03,-4.100000E+00
-2.899000E+00,-44.281E-03,-4.175377E+00
-2.894000E+00,-44.281E-03,-4.220603E+00
-2.889000E+00,-44.281E-03,-4.245729E+00
-2.884000E+00,-46.794E-03,-4.270854E+00
-2.879000E+00,-46.794E-03,-4.280904E+00
-2.874000E+00,-44.281E-03,-4.290955E+00
-2.869000E+00,-46.794E-03,-4.295980E+00
-2.864000E+00,-44.281E-03,-4.295980E+00
-2.859000E+00,-46.794E-03,-4.295980E+00
-2.854000E+00,-44.281E-03,-4.295980E+00
-2.849000E+00,-46.794E-03,-4.295980E+00
-2.844000E+00,-46.794E-03,-4.295980E+00
-2.839000E+00,-44.281E-03,-4.301005E+00
-2.834000E+00,-46.794E-03,-4.301005E+00
-2.829000E+00,-46.794E-03,-4.301005E+00
-2.824000E+00,-46.794E-03,-4.301005E+00
-2.819000E+00,-44.281E-03,-4.301005E+00
-2.814000E+00,-46.794E-03,-4.301005E+00
-2.809000E+00,-46.794E-03,-4.306030E+00
-2.804000E+00,-44.281E-03,-4.301005E+00
-2.799000E+00,-44.281E-03,-4.301005E+00
-2.794000E+00,-46.794E-03,-4.306030E+00
-2.789000E+00,-46.794E-03,-4.301005E+00
-2.784000E+00,-46.794E-03,-4.301005E+00
-2.779000E+00,-46.794E-03,-4.301005E+00
-2.774000E+00,-46.794E-03,-4.301005E+00
-2.769000E+00,-46.794E-03,-4.306030E+00
-2.764000E+00,-46.794E-03,-4.301005E+00
-2.759000E+00,-46.794E-03,-4.301005E+00
-2.754000E+00,-46.794E-03,-4.301005E+00
-2.749000E+00,-46.794E-03,-4.301005E+00
-2.744000E+00,-46.794E-03,-4.301005E+00
-2.739000E+00,-46.794E-03,-4.301005E+00
-2.734000E+00,-44.281E-03,-4.301005E+00
-2.729000E+00,-46.794E-03,-4.301005E+00
-2.724000E+00,-46.794E-03,-4.301005E+00
-2.719000E+00,-44.281E-03,-4.301005E+00
-2.714000E+00,-46.794E-03,-4.301005E+00
-2.709000E+00,-46.794E-03,-4.301005E+00
-2.704000E+00,-46.794E-03,-4.301005E+00
-2.699000E+00,-46.794E-03,-4.301005E+00
-2.694000E+00,-46.794E-03,-4.301005E+00
-2.689000E+00,-46.794E-03,-4.301005E+00
-2.684000E+00,-46.794E-03,-4.301005E+00
-2.679000E+00,-46.794E-03,-4.301005E+00
-2.674000E+00,-46.794E-03,-4.301005E+00
-2.669000E+00,-46.794E-03,-4.301005E+00
-2.664000E+00,-46.794E-03,-4.295980E+00
-2.659000E+00,-46.794E-03,-4.295980E+00
-2.654000E+00,-46.794E-03,-4.301005E+00
-2.649000E+00,-46.794E-03,-4.301005E+00
-2.644000E+00,-46.794E-03,-4.301005E+00
-2.639000E+00,-46.794E-03,-4.301005E+00
-2.634000E+00,-46.794E-03,-4.301005E+00
-2.629000E+00,-46.794E-03,-4.301005E+00
-2.624000E+00,-46.794E-03,-4.295980E+00
-2.619000E+00,-46.794E-03,-4.301005E+00
-2.614000E+00,-46.794E-03,-4.301005E+00
-2.609000E+00,-46.794E-03,-4.301005E+00
-2.604000E+00,-46.794E-03,-4.301005E+00
-2.599000E+00,-46.794E-03,-4.301005E+00
-2.594000E+00,-46.794E-03,-4.295980E+00
-2.589000E+00,-46.794E-03,-4.301005E+00
-2.584000E+00,-46.794E-03,-4.301005E+00
-2.579000E+00,-46.794E-03,-4.295980E+00
-2.574000E+00,-46.794E-03,-4.295980E+00
-2.569000E+00,-46.794E-03,-4.295980E+00
-2.564000E+00,-46.794E-03,-4.295980E+00
-2.559000E+00,-46.794E-03,-4.295980E+00
-2.554000E+00,-46.794E-03,-4.295980E+00
-2.549000E+00,-46.794E-03,-4.301005E+00
-2.544000E+00,-46.794E-03,-4.295980E+00
-2.539000E+00,-46.794E-03,-4.301005E+00
-2.534000E+00,-46.794E-03,-4.295980E+00
-2.529000E+00,-46.794E-03,-4.295980E+00
-2.524000E+00,-46.794E-03,-4.301005E+00
-2.519000E+00,-46.794E-03,-4.295980E+00
-2.514000E+00,-46.794E-03,-4.295980E+00
-2.509000E+00,-46.794E-03,-4.301005E+00
-2.504000E+00,-46.794E-03,-4.295980E+00
-2.499000E+00,-46.794E-03,-4.295980E+00
-2.494000E+00,-46.794E-03,-4.301005E+00
-2.489000E+00,-46.794E-03,-4.295980E+00
-2.484000E+00,-46.794E-03,-4.295980E+00
-2.479000E+00,-46.794E-03,-4.301005E+00
-2.474000E+00,-46.794E-03,-4.301005E+00
-2.469000E+00,-46.794E-03,-4.295980E+00
-2.464000E+00,-46.794E-03,-4.301005E+00
-2.459000E+00,-46.794E-03,-4.295980E+00
-2.454000E+00,-46.794E-03,-4.301005E+00
-2.449000E+00,-46.794E-03,-4.301005E+00
-2.444000E+00,-46.794E-03,-4.301005E+00
-2.439000E+00,-46.794E-03,-4.301005E+00
-2.434000E+00,-46.794E-03,-4.295980E+00
-2.429000E+00,-46.794E-03,-4.295980E+00
-2.424000E+00,-46.794E-03,-4.301005E+00
-2.419000E+00,-46.794E-03,-4.295980E+00
-2.414000E+00,-46.794E-03,-4.295980E+00
-2.409000E+00,-46.794E-03,-4.301005E+00
-2.404000E+00,-46.794E-03,-4.295980E+00
-2.399000E+00,-46.794E-03,-4.295980E+00
-2.394000E+00,-44.281E-03,-4.295980E+00
-2.389000E+00,-46.794E-03,-4.301005E+00
-2.384000E+00,-46.794E-03,-4.295980E+00
-2.379000E+00,-46.794E-03,-4.295980E+00
-2.374000E+00,-46.794E-03,-4.295980E+00
-2.369000E+00,-46.794E-03,-4.295980E+00
-2.364000E+00,-46.794E-03,-4.295980E+00
-2.359000E+00,-46.794E-03,-4.295980E+00
-2.354000E+00,-46.794E-03,-4.295980E+00
-2.349000E+00,-46.794E-03,-4.295980E+00
-2.344000E+00,-46.794E-03,-4.295980E+00
-2.339000E+00,-44.281E-03,-4.295980E+00
-2.334000E+00,-46.794E-03,-4.295980E+00
-2.329000E+00,-46.794E-03,-4.295980E+00
-2.324000E+00,-46.794E-03,-4.301005E+00
-2.319000E+00,-46.794E-03,-4.295980E+00
-2.314000E+00,-46.794E-03,-4.301005E+00
-2.309000E+00,-46.794E-03,-4.295980E+00
-2.304000E+00,-46.794E-03,-4.295980E+00
-2.299000E+00,-46.794E-03,-4.301005E+00
-2.294000E+00,-46.794E-03,-4.295980E+00
-2.289000E+00,-46.794E-03,-4.295980E+00
-2.284000E+00,-46.794E-03,-4.301005E+00
-2.279000E+00,-46.794E-03,-4.295980E+00
-2.274000E+00,-46.794E-03,-4.295980E+00
-2.269000E+00,-46.794E-03,-4.295980E+00
-2.264000E+00,-46.794E-03,-4.295980E+00
-2.259000E+00,-46.794E-03,-4.295980E+00
-2.254000E+00,-46.794E-03,-4.295980E+00
-2.249000E+00,-46.794E-03,-4.295980E+00
-2.244000E+00,-46.794E-03,-4.295980E+00
-2.239000E+00,-46.794E-03,-4.301005E+00
-2.234000E+00,-46.794E-03,-4.295980E+00
-2.229000E+00,-46.794E-03,-4.295980E+00
-2.224000E+00,-46.794E-03,-4.301005E+00
-2.219000E+00,-46.794E-03,-4.295980E+00
-2.214000E+00,-46.794E-03,-4.295980E+00
-2.209000E+00,-46.794E-03,-4.295980E+00
-2.204000E+00,-46.794E-03,-4.295980E+00
-2.199000E+00,-46.794E-03,-4.295980E+00
-2.194000E+00,-46.794E-03,-4.295980E+00
-2.189000E+00,-46.794E-03,-4.295980E+00
-2.184000E+00,-46.794E-03,-4.301005E+00
-2.179000E+00,-46.794E-03,-4.295980E+00
-2.174000E+00,-44.281E-03,-4.295980E+00
-2.169000E+00,-46.794E-03,-4.295980E+00
-2.164000E+00,-46.794E-03,-4.295980E+00
-2.159000E+00,-46.794E-03,-4.301005E+00
-2.154000E+00,-46.794E-03,-4.295980E+00
-2.149000E+00,-46.794E-03,-4.295980E+00
-2.144000E+00,-46.794E-03,-4.295980E+00
-2.139000E+00,-46.794E-03,-4.295980E+00
-2.134000E+00,-46.794E-03,-4.301005E+00
-2.129000E+00,-46.794E-03,-4.301005E+00
-2.124000E+00,-46.794E-03,-4.295980E+00
-2.119000E+00,-44.281E-03,-4.301005E+00
-2.114000E+00,-46.794E-03,-4.295980E+00
-2.109000E+00,-46.794E-03,-4.295980E+00
-2.104000E+00,-29.206E-03,-4.295980E+00
-2.099000E+00,+862.754E-03,-4.311055E+00
-2.094000E+00,+865.266E-03,-4.301005E+00
-2.089000E+00,+862.754E-03,-4.290955E+00
-2.084000E+00,+865.266E-03,-4.250754E+00
-2.079000E+00,+865.266E-03,-4.205528E+00
-2.074000E+00,+865.266E-03,-4.150251E+00
-2.069000E+00,+865.266E-03,-4.094975E+00
-2.064000E+00,+865.266E-03,-4.034673E+00
-2.059000E+00,+862.754E-03,-3.979397E+00
-2.054000E+00,+865.266E-03,-3.919095E+00
-2.049000E+00,+862.754E-03,-3.858794E+00
-2.044000E+00,+865.266E-03,-3.798492E+00
-2.039000E+00,+865.266E-03,-3.733166E+00
-2.034000E+00,+865.266E-03,-3.677889E+00
-2.029000E+00,+862.754E-03,-3.612563E+00
-2.024000E+00,+862.754E-03,-3.552261E+00
-2.019000E+00,+862.754E-03,-3.486935E+00
-2.014000E+00,+862.754E-03,-3.426633E+00
-2.009000E+00,+862.754E-03,-3.361306E+00
-2.004000E+00,+862.754E-03,-3.301005E+00
-1.999000E+00,+862.754E-03,-3.235678E+00
-1.994000E+00,+862.754E-03,-3.170352E+00
-1.989000E+00,+862.754E-03,-3.105025E+00
-1.984000E+00,+862.754E-03,-3.044724E+00
-1.979000E+00,+862.754E-03,-2.984422E+00
-1.974000E+00,+862.754E-03,-2.924121E+00
-1.969000E+00,+862.754E-03,-2.858794E+00
-1.964000E+00,+862.754E-03,-2.793467E+00
-1.959000E+00,+862.754E-03,-2.733166E+00
-1.954000E+00,+862.754E-03,-2.667839E+00
-1.949000E+00,+862.754E-03,-2.602513E+00
-1.944000E+00,+862.754E-03,-2.537186E+00
-1.939000E+00,+862.754E-03,-2.466834E+00
-1.934000E+00,+862.754E-03,-2.401508E+00
-1.929000E+00,+862.754E-03,-2.341206E+00
-1.924000E+00,+865.266E-03,-2.270854E+00
-1.919000E+00,+865.266E-03,-2.215578E+00
-1.914000E+00,+865.266E-03,-2.145226E+00
-1.909000E+00,+865.266E-03,-2.084925E+00
-1.904000E+00,+862.754E-03,-2.019598E+00
-1.899000E+00,+862.754E-03,-1.964322E+00
-1.894000E+00,+862.754E-03,-1.888945E+00
-1.889000E+00,+865.266E-03,-1.828643E+00
-1.884000E+00,+865.266E-03,-1.763317E+00
-1.879000E+00,+862.754E-03,-1.708040E+00
-1.874000E+00,+865.266E-03,-1.637688E+00
-1.869000E+00,+865.266E-03,-1.572362E+00
-1.864000E+00,+862.754E-03,-1.507035E+00
-1.859000E+00,+862.754E-03,-1.441709E+00
-1.854000E+00,+865.266E-03,-1.376382E+00
-1.849000E+00,+865.266E-03,-1.326131E+00
-1.844000E+00,+865.266E-03,-1.255779E+00
-1.839000E+00,+865.266E-03,-1.195477E+00
-1.834000E+00,+862.754E-03,-1.135176E+00
-1.829000E+00,+865.266E-03,-1.069849E+00
-1.824000E+00,+865.266E-03,-1.004523E+00
-1.819000E+00,+865.266E-03,-934.171E-03
-1.814000E+00,+865.266E-03,-878.894E-03
-1.809000E+00,+862.754E-03,-813.568E-03
-1.804000E+00,+865.266E-03,-753.266E-03
-1.799000E+00,-46.794E-03,-682.915E-03
-1.794000E+00,-46.794E-03,-637.688E-03
-1.789000E+00,-44.281E-03,-612.563E-03
-1.784000E+00,-46.794E-03,-597.487E-03
-1.779000E+00,-46.794E-03,-587.437E-03
-1.774000E+00,-46.794E-03,-577.387E-03
-1.769000E+00,-46.794E-03,-572.362E-03
-1.764000E+00,-46.794E-03,-567.337E-03
-1.759000E+00,-44.281E-03,-572.362E-03
-1.754000E+00,-46.794E-03,-572.362E-03
-1.749000E+00,-46.794E-03,-567.337E-03
-1.744000E+00,-46.794E-03,-567.337E-03
-1.739000E+00,-46.794E-03,-572.362E-03
-1.734000E+00,-46.794E-03,-572.362E-03
-1.729000E+00,-44.281E-03,-567.337E-03
-1.724000E+00,-46.794E-03,-567.337E-03
-1.719000E+00,-46.794E-03,-567.337E-03
-1.714000E+00,-44.281E-03,-567.337E-03
-1.709000E+00,-46.794E-03,-572.362E-03
-1.704000E+00,-46.794E-03,-567.337E-03
-1.699000E+00,-46.794E-03,-567.337E-03
-1.694000E+00,-46.794E-03,-567.337E-03
-1.689000E+00,-46.794E-03,-567.337E-03
-1.684000E+00,-46.794E-03,-572.362E-03
-1.679000E+00,-46.794E-03,-572.362E-03
-1.674000E+00,-46.794E-03,-572.362E-03
-1.669000E+00,-44.281E-03,-572.362E-03
-1.664000E+00,-44.281E-03,-567.337E-03
-1.659000E+00,-46.794E-03,-567.337E-03
-1.654000E+00,-46.794E-03,-562.312E-03
-1.649000E+00,-46.794E-03,-567.337E-03
-1.644000E+00,-46.794E-03,-567.337E-03
-1.639000E+00,-46.794E-03,-567.337E-03
-1.634000E+00,-46.794E-03,-567.337E-03
-1.629000E+00,-44.281E-03,-567.337E-03
-1.624000E+00,-44.281E-03,-567.337E-03
-1.619000E+00,-44.281E-03,-567.337E-03
-1.614000E+00,-44.281E-03,-567.337E-03
-1.609000E+00,-46.794E-03,-562.312E-03
-1.604000E+00,-46.794E-03,-567.337E-03
-1.599000E+00,-46.794E-03,-567.337E-03
-1.594000E+00,-44.281E-03,-567.337E-03
-1.589000E+00,-46.794E-03,-567.337E-03
-1.584000E+00,-46.794E-03,-567.337E-03
-1.579000E+00,-46.794E-03,-567.337E-03
-1.574000E+00,-46.794E-03,-572.362E-03
-1.569000E+00,-46.794E-03,-567.337E-03
-1.564000E+00,-46.794E-03,-572.362E-03
-1.559000E+00,-46.794E-03,-567.337E-03
-1.554000E+00,-46.794E-03,-567.337E-03
-1.549000E+00,-46.794E-03,-567.337E-03
-1.544000E+00,-46.794E-03,-562.312E-03
-1.539000E+00,-46.794E-03,-567.337E-03
-1.534000E+00,-46.794E-03,-567.337E-03
-1.529000E+00,-46.794E-03,-562.312E-03
-1.524000E+00,-46.794E-03,-562.312E-03
-1.519000E+00,-44.281E-03,-562.312E-03
-1.514000E+00,-46.794E-03,-567.337E-03
-1.509000E+00,-44.281E-03,-562.312E-03
-1.504000E+00,-46.794E-03,-567.337E-03
-1.499000E+00,-44.281E-03,-562.312E-03
-1.494000E+00,-44.281E-03,-567.337E-03
-1.489000E+00,-46.794E-03,-567.337E-03
-1.484000E+00,-46.794E-03,-567.337E-03
-1.479000E+00,-44.281E-03,-567.337E-03
-1.474000E+00,-46.794E-03,-567.337E-03
-1.469000E+00,-46.794E-03,-572.362E-03
-1.464000E+00,-46.794E-03,-572.362E-03
-1.459000E+00,-46.794E-03,-572.362E-03
-1.454000E+00,-46.794E-03,-572.362E-03
-1.449000E+00,-46.794E-03,-567.337E-03
-1.444000E+00,-46.794E-03,-572.362E-03
-1.439000E+00,-46.794E-03,-572.362E-03
-1.434000E+00,-46.794E-03,-572.362E-03
-1.429000E+00,-46.794E-03,-572.362E-03
-1.424000E+00,-46.794E-03,-567.337E-03
-1.419000E+00,-46.794E-03,-567.337E-03
-1.414000E+00,-46.794E-03,-562.312E-03
-1.409000E+00,-46.794E-03,-567.337E-03
-1.404000E+00,-46.794E-03,-567.337E-03
-1.399000E+00,-46.794E-03,-567.337E-03
-1.394000E+00,-46.794E-03,-567.337E-03
-1.389000E+00,-46.794E-03,-562.312E-03
-1.384000E+00,-46.794E-03,-567.337E-03
-1.379000E+00,-46.794E-03,-562.312E-03
-1.374000E+00,-46.794E-03,-567.337E-03
-1.369000E+00,-46.794E-03,-567.337E-03
-1.364000E+00,-46.794E-03,-567.337E-03
-1.359000E+00,-46.794E-03,-567.337E-03
-1.354000E+00,-46.794E-03,-567.337E-03
-1.349000E+00,-44.281E-03,-567.337E-03
-1.344000E+00,-46.794E-03,-567.337E-03
-1.339000E+00,-46.794E-03,-567.337E-03
-1.334000E+00,-46.794E-03,-567.337E-03
-1.329000E+00,-46.794E-03,-567.337E-03
-1.324000E+00,-46.794E-03,-567.337E-03
-1.319000E+00,-46.794E-03,-572.362E-03
-1.314000E+00,-46.794E-03,-567.337E-03
-1.309000E+00,-46.794E-03,-567.337E-03
-1.304000E+00,-46.794E-03,-567.337E-03
-1.299000E+00,-46.794E-03,-567.337E-03
-1.294000E+00,-44.281E-03,-567.337E-03
-1.289000E+00,-46.794E-03,-567.337E-03
-1.284000E+00,-46.794E-03,-567.337E-03
-1.279000E+00,-46.794E-03,-567.337E-03
-1.274000E+00,-46.794E-03,-567.337E-03
-1.269000E+00,-46.794E-03,-567.337E-03
-1.264000E+00,-46.794E-03,-567.337E-03
-1.259000E+00,-46.794E-03,-567.337E-03
-1.254000E+00,-46.794E-03,-567.337E-03
-1.249000E+00,-46.794E-03,-567.337E-03
-1.244000E+00,-46.794E-03,-567.337E-03
-1.239000E+00,-46.794E-03,-562.312E-03
-1.234000E+00,-46.794E-03,-567.337E-03
-1.229000E+00,-46.794E-03,-567.337E-03
-1.224000E+00,-46.794E-03,-567.337E-03
-1.219000E+00,-46.794E-03,-567.337E-03
-1.214000E+00,-46.794E-03,-567.337E-03
-1.209000E+00,-46.794E-03,-567.337E-03
-1.204000E+00,-46.794E-03,-567.337E-03
-1.199000E+00,-46.794E-03,-567.337E-03
-1.194000E+00,-46.794E-03,-567.337E-03
-1.189000E+00,-44.281E-03,-567.337E-03
-1.184000E+00,-44.281E-03,-567.337E-03
-1.179000E+00,-46.794E-03,-562.312E-03
-1.174000E+00,-46.794E-03,-567.337E-03
-1.169000E+00,-46.794E-03,-562.312E-03
-1.164000E+00,-46.794E-03,-567.337E-03
-1.159000E+00,-46.794E-03,-562.312E-03
-1.154000E+00,-46.794E-03,-562.312E-03
-1.149000E+00,-46.794E-03,-567.337E-03
-1.144000E+00,-46.794E-03,-562.312E-03
-1.139000E+00,-46.794E-03,-562.312E-03
-1.134000E+00,-46.794E-03,-562.312E-03
-1.129000E+00,-46.794E-03,-562.312E-03
-1.124000E+00,-46.794E-03,-567.337E-03
-1.119000E+00,-46.794E-03,-567.337E-03
-1.114000E+00,-46.794E-03,-562.312E-03
-1.109000E+00,-46.794E-03,-567.337E-03
-1.104000E+00,-46.794E-03,-562.312E-03
-1.099000E+00,-46.794E-03,-567.337E-03
-1.094000E+00,-46.794E-03,-567.337E-03
-1.089000E+00,-46.794E-03,-567.337E-03
-1.084000E+00,-46.794E-03,-562.312E-03
-1.079000E+00,-46.794E-03,-567.337E-03
-1.074000E+00,-46.794E-03,-562.312E-03
-1.069000E+00,-46.794E-03,-567.337E-03
-1.064000E+00,-46.794E-03,-567.337E-03
-1.059000E+00,-46.794E-03,-562.312E-03
-1.054000E+00,-46.794E-03,-567.337E-03
-1.049000E+00,-46.794E-03,-567.337E-03
-1.044000E+00,-46.794E-03,-562.312E-03
-1.039000E+00,-46.794E-03,-567.337E-03
-1.034000E+00,-46.794E-03,-562.312E-03
-1.029000E+00,-46.794E-03,-567.337E-03
-1.024000E+00,-46.794E-03,-562.312E-03
-1.019000E+00,-46.794E-03,-567.337E-03
-1.014000E+00,-46.794E-03,-562.312E-03
-1.009000E+00,-46.794E-03,-567.337E-03
-1.004000E+00,-46.794E-03,-562.312E-03
-999.000E-03,+862.754E-03,-582.412E-03
-994.000E-03,+865.266E-03,-567.337E-03
-989.000E-03,+862.754E-03,-532.161E-03
-984.000E-03,+865.266E-03,-491.960E-03
-979.000E-03,+862.754E-03,-436.683E-03
-974.000E-03,+862.754E-03,-391.457E-03
-969.000E-03,+862.754E-03,-331.156E-03
-964.000E-03,+862.754E-03,-280.905E-03
-959.000E-03,+865.266E-03,-215.578E-03
-954.000E-03,+865.266E-03,-160.302E-03
-949.000E-03,+862.754E-03,-100.000E-03
-944.000E-03,+865.266E-03,-44.724E-03
-939.000E-03,+862.754E-03,+20.603E-03
-934.000E-03,+865.266E-03,+85.930E-03
-929.000E-03,+865.266E-03,+146.231E-03
-924.000E-03,+865.266E-03,+211.558E-03
-919.000E-03,+865.266E-03,+266.834E-03
-914.000E-03,+865.266E-03,+337.186E-03
-909.000E-03,+865.266E-03,+392.462E-03
-904.000E-03,+865.266E-03,+462.814E-03
-899.000E-03,+862.754E-03,+523.116E-03
-894.000E-03,+865.266E-03,+588.442E-03
-889.000E-03,+862.754E-03,+648.744E-03
-884.000E-03,+865.266E-03,+714.070E-03
-879.000E-03,+862.754E-03,+779.397E-03
-874.000E-03,+862.754E-03,+844.724E-03
-869.000E-03,+862.754E-03,+910.050E-03
-864.000E-03,+865.266E-03,+970.352E-03
-859.000E-03,+865.266E-03,+1.035678E+00
-854.000E-03,+865.266E-03,+1.095980E+00
-849.000E-03,+865.266E-03,+1.151256E+00
-844.000E-03,+862.754E-03,+1.216583E+00
-839.000E-03,+862.754E-03,+1.276884E+00
-834.000E-03,+862.754E-03,+1.342211E+00
-829.000E-03,+865.266E-03,+1.402513E+00
-824.000E-03,+865.266E-03,+1.462814E+00
-819.000E-03,+865.266E-03,+1.528141E+00
-814.000E-03,+865.266E-03,+1.583417E+00
-809.000E-03,+865.266E-03,+1.648744E+00
-804.000E-03,+865.266E-03,+1.709045E+00
-799.000E-03,+862.754E-03,+1.774372E+00
-794.000E-03,+862.754E-03,+1.834673E+00
-789.000E-03,+865.266E-03,+1.900000E+00
-784.000E-03,+865.266E-03,+1.955276E+00
-779.000E-03,+865.266E-03,+2.020603E+00
-774.000E-03,+862.754E-03,+2.085930E+00
-769.000E-03,+862.754E-03,+2.151256E+00
-764.000E-03,+865.266E-03,+2.211558E+00
-759.000E-03,+865.266E-03,+2.281910E+00
-754.000E-03,+865.266E-03,+2.342211E+00
-749.000E-03,+865.266E-03,+2.407538E+00
-744.000E-03,+865.266E-03,+2.472864E+00
-739.000E-03,+865.266E-03,+2.533166E+00
-734.000E-03,+865.266E-03,+2.598492E+00
-729.000E-03,+862.754E-03,+2.663819E+00
-724.000E-03,+862.754E-03,+2.724121E+00
-719.000E-03,+865.266E-03,+2.789447E+00
-714.000E-03,+865.266E-03,+2.849749E+00
-709.000E-03,+865.266E-03,+2.910050E+00
-704.000E-03,+865.266E-03,+2.970352E+00
-699.000E-03,-46.794E-03,+3.040703E+00
-694.000E-03,-46.794E-03,+3.085930E+00
-689.000E-03,-46.794E-03,+3.111055E+00
-684.000E-03,-46.794E-03,+3.131156E+00
-679.000E-03,-46.794E-03,+3.141206E+00
-674.000E-03,-46.794E-03,+3.151256E+00
-669.000E-03,-46.794E-03,+3.156281E+00
-664.000E-03,-46.794E-03,+3.156281E+00
-659.000E-03,-46.794E-03,+3.156281E+00
-654.000E-03,-46.794E-03,+3.156281E+00
-649.000E-03,-46.794E-03,+3.161306E+00
-644.000E-03,-46.794E-03,+3.156281E+00
-639.000E-03,-44.281E-03,+3.161306E+00
-634.000E-03,-46.794E-03,+3.161306E+00
-629.000E-03,-46.794E-03,+3.161306E+00
-624.000E-03,-46.794E-03,+3.161306E+00
-619.000E-03,-46.794E-03,+3.161306E+00
-614.000E-03,-46.794E-03,+3.161306E+00
-609.000E-03,-46.794E-03,+3.156281E+00
-604.000E-03,-46.794E-03,+3.156281E+00
-599.000E-03,-46.794E-03,+3.156281E+00
-594.000E-03,-46.794E-03,+3.161306E+00
-589.000E-03,-46.794E-03,+3.156281E+00
-584.000E-03,-46.794E-03,+3.156281E+00
-579.000E-03,-46.794E-03,+3.156281E+00
-574.000E-03,-44.281E-03,+3.156281E+00
-569.000E-03,-44.281E-03,+3.156281E+00
-564.000E-03,-46.794E-03,+3.156281E+00
-559.000E-03,-46.794E-03,+3.156281E+00
-554.000E-03,-46.794E-03,+3.156281E+00
-549.000E-03,-44.281E-03,+3.156281E+00
-544.000E-03,-44.281E-03,+3.156281E+00
-539.000E-03,-44.281E-03,+3.156281E+00
-534.000E-03,-46.794E-03,+3.156281E+00
-529.000E-03,-46.794E-03,+3.156281E+00
-524.000E-03,-46.794E-03,+3.156281E+00
-519.000E-03,-46.794E-03,+3.161306E+00
-514.000E-03,-46.794E-03,+3.156281E+00
-509.000E-03,-46.794E-03,+3.156281E+00
-504.000E-03,-46.794E-03,+3.156281E+00
-499.000E-03,-46.794E-03,+3.156281E+00
-494.000E-03,-46.794E-03,+3.156281E+00
-489.000E-03,-46.794E-03,+3.156281E+00
-484.000E-03,-46.794E-03,+3.161306E+00
-479.000E-03,-46.794E-03,+3.156281E+00
-474.000E-03,-46.794E-03,+3.156281E+00
-469.000E-03,-46.794E-03,+3.156281E+00
-464.000E-03,-46.794E-03,+3.156281E+00
-459.000E-03,-44.281E-03,+3.156281E+00
-454.000E-03,-44.281E-03,+3.161306E+00
-449.000E-03,-44.281E-03,+3.156281E+00
-444.000E-03,-46.794E-03,+3.156281E+00
-439.000E-03,-46.794E-03,+3.156281E+00
-434.000E-03,-46.794E-03,+3.156281E+00
-429.000E-03,-46.794E-03,+3.156281E+00
-424.000E-03,-46.794E-03,+3.161306E+00
-419.000E-03,-46.794E-03,+3.156281E+00
-414.000E-03,-46.794E-03,+3.161306E+00
-409.000E-03,-46.794E-03,+3.161306E+00
-404.000E-03,-46.794E-03,+3.161306E+00
-399.000E-03,-46.794E-03,+3.161306E+00
-394.000E-03,-44.281E-03,+3.161306E+00
-389.000E-03,-46.794E-03,+3.161306E+00
-384.000E-03,-46.794E-03,+3.161306E+00
-379.000E-03,-46.794E-03,+3.156281E+00
-374.000E-03,-46.794E-03,+3.156281E+00
-369.000E-03,-46.794E-03,+3.161306E+00
-364.000E-03,-46.794E-03,+3.156281E+00
-359.000E-03,-46.794E-03,+3.156281E+00
-354.000E-03,-46.794E-03,+3.161306E+00
-349.000E-03,-46.794E-03,+3.161306E+00
-344.000E-03,-46.794E-03,+3.156281E+00
-339.000E-03,-46.794E-03,+3.156281E+00
-334.000E-03,-46.794E-03,+3.161306E+00
-329.000E-03,-46.794E-03,+3.161306E+00
-324.000E-03,-46.794E-03,+3.161306E+00
-319.000E-03,-46.794E-03,+3.156281E+00
-314.000E-03,-46.794E-03,+3.156281E+00
-309.000E-03,-46.794E-03,+3.156281E+00
-304.000E-03,-46.794E-03,+3.156281E+00
-299.000E-03,-46.794E-03,+3.156281E+00
-294.000E-03,-46.794E-03,+3.156281E+00
-289.000E-03,-46.794E-03,+3.156281E+00
-284.000E-03,-46.794E-03,+3.156281E+00
-279.000E-03,-46.794E-03,+3.156281E+00
-274.000E-03,-46.794E-03,+3.156281E+00
-269.000E-03,-46.794E-03,+3.156281E+00
-264.000E-03,-46.794E-03,+3.156281E+00
-259.000E-03,-46.794E-03,+3.161306E+00
-254.000E-03,-46.794E-03,+3.156281E+00
-249.000E-03,-46.794E-03,+3.156281E+00
-244.000E-03,-46.794E-03,+3.156281E+00
-239.000E-03,-46.794E-03,+3.156281E+00
-234.000E-03,-46.794E-03,+3.156281E+00
-229.000E-03,-46.794E-03,+3.156281E+00
-224.000E-03,-46.794E-03,+3.156281E+00
-219.000E-03,-46.794E-03,+3.156281E+00
-214.000E-03,-46.794E-03,+3.156281E+00
-209.000E-03,-46.794E-03,+3.156281E+00
-204.000E-03,-46.794E-03,+3.156281E+00
-199.000E-03,-46.794E-03,+3.161306E+00
-194.000E-03,-46.794E-03,+3.156281E+00
-189.000E-03,-46.794E-03,+3.156281E+00
-184.000E-03,-46.794E-03,+3.156281E+00
-179.000E-03,-46.794E-03,+3.156281E+00
-174.000E-03,-46.794E-03,+3.161306E+00
-169.000E-03,-46.794E-03,+3.156281E+00
-164.000E-03,-46.794E-03,+3.161306E+00
-159.000E-03,-46.794E-03,+3.161306E+00
-154.000E-03,-46.794E-03,+3.161306E+00
-149.000E-03,-46.794E-03,+3.156281E+00
-144.000E-03,-46.794E-03,+3.161306E+00
-139.000E-03,-46.794E-03,+3.156281E+00
-134.000E-03,-46.794E-03,+3.156281E+00
-129.000E-03,-46.794E-03,+3.156281E+00
-124.000E-03,-46.794E-03,+3.161306E+00
-119.000E-03,-46.794E-03,+3.156281E+00
-114.000E-03,-46.794E-03,+3.161306E+00
-109.000E-03,-46.794E-03,+3.161306E+00
-104.000E-03,-46.794E-03,+3.161306E+00
-99.000E-03,-46.794E-03,+3.161306E+00
-94.000E-03,-46.794E-03,+3.161306E+00
-89.000E-03,-46.794E-03,+3.161306E+00
-84.000E-03,-46.794E-03,+3.161306E+00
-79.000E-03,-46.794E-03,+3.156281E+00
-74.000E-03,-46.794E-03,+3.156281E+00
-69.000E-03,-46.794E-03,+3.156281E+00
-64.000E-03,-46.794E-03,+3.156281E+00
-59.000E-03,-46.794E-03,+3.156281E+00
-54.000E-03,-46.794E-03,+3.156281E+00
-49.000E-03,-46.794E-03,+3.156281E+00
-44.000E-03,-46.794E-03,+3.156281E+00
-39.000E-03,-46.794E-03,+3.156281E+00
-34.000E-03,-46.794E-03,+3.156281E+00
-29.000E-03,-46.794E-03,+3.156281E+00
-24.000E-03,-46.794E-03,+3.161306E+00
-19.000E-03,-46.794E-03,+3.156281E+00
-14.000E-03,-46.794E-03,+3.156281E+00
-9.000E-03,-46.794E-03,+3.156281E+00
-4.000E-03,-46.794E-03,+3.156281E+00
+1.000E-03,-46.794E-03,+3.156281E+00
+6.000E-03,-46.794E-03,+3.156281E+00
+11.000E-03,-46.794E-03,+3.156281E+00
+16.000E-03,-46.794E-03,+3.156281E+00
+21.000E-03,-46.794E-03,+3.156281E+00
+26.000E-03,-46.794E-03,+3.156281E+00
+31.000E-03,-46.794E-03,+3.156281E+00
+36.000E-03,-46.794E-03,+3.156281E+00
+41.000E-03,-46.794E-03,+3.156281E+00
+46.000E-03,-46.794E-03,+3.156281E+00
+51.000E-03,-46.794E-03,+3.156281E+00
+56.000E-03,-46.794E-03,+3.156281E+00
+61.000E-03,-46.794E-03,+3.156281E+00
+66.000E-03,-46.794E-03,+3.156281E+00
+71.000E-03,-46.794E-03,+3.156281E+00
+76.000E-03,-46.794E-03,+3.156281E+00
+81.000E-03,-46.794E-03,+3.156281E+00
+86.000E-03,-46.794E-03,+3.156281E+00
+91.000E-03,-46.794E-03,+3.156281E+00
+96.000E-03,-46.794E-03,+3.156281E+00
+101.000E-03,-938.754E-03,+3.161306E+00
+106.000E-03,-941.266E-03,+3.166332E+00
+111.000E-03,-941.266E-03,+3.136181E+00
+116.000E-03,-941.266E-03,+3.090955E+00
+121.000E-03,-938.754E-03,+3.045729E+00
+126.000E-03,-938.754E-03,+2.990452E+00
+131.000E-03,-938.754E-03,+2.935176E+00
+136.000E-03,-938.754E-03,+2.879899E+00
+141.000E-03,-938.754E-03,+2.819598E+00
+146.000E-03,-938.754E-03,+2.764322E+00
+151.000E-03,-938.754E-03,+2.704020E+00
+156.000E-03,-938.754E-03,+2.638693E+00
+161.000E-03,-941.266E-03,+2.583417E+00
+166.000E-03,-938.754E-03,+2.518090E+00
+171.000E-03,-938.754E-03,+2.452764E+00
+176.000E-03,-938.754E-03,+2.387437E+00
+181.000E-03,-941.266E-03,+2.317085E+00
+186.000E-03,-941.266E-03,+2.251759E+00
+191.000E-03,-938.754E-03,+2.186432E+00
+196.000E-03,-938.754E-03,+2.121106E+00
+201.000E-03,-938.754E-03,+2.045729E+00
+206.000E-03,-938.754E-03,+1.985427E+00
+211.000E-03,-941.266E-03,+1.920100E+00
+216.000E-03,-941.266E-03,+1.859799E+00
+221.000E-03,-941.266E-03,+1.784422E+00
+226.000E-03,-941.266E-03,+1.724121E+00
+231.000E-03,-941.266E-03,+1.658794E+00
+236.000E-03,-941.266E-03,+1.593467E+00
+241.000E-03,-941.266E-03,+1.528141E+00
+246.000E-03,-941.266E-03,+1.467839E+00
+251.000E-03,-941.266E-03,+1.397487E+00
+256.000E-03,-941.266E-03,+1.342211E+00
+261.000E-03,-941.266E-03,+1.276884E+00
+266.000E-03,-941.266E-03,+1.211558E+00
+271.000E-03,-941.266E-03,+1.151256E+00
+276.000E-03,-941.266E-03,+1.085930E+00
+281.000E-03,-941.266E-03,+1.025628E+00
+286.000E-03,-941.266E-03,+960.301E-03
+291.000E-03,-941.266E-03,+900.000E-03
+296.000E-03,-941.266E-03,+829.648E-03
+301.000E-03,-941.266E-03,+774.372E-03
+306.000E-03,-941.266E-03,+698.995E-03
+311.000E-03,-941.266E-03,+638.693E-03
+316.000E-03,-941.266E-03,+568.342E-03
+321.000E-03,-941.266E-03,+497.990E-03
+326.000E-03,-941.266E-03,+442.714E-03
+331.000E-03,-941.266E-03,+372.362E-03
+336.000E-03,-941.266E-03,+312.060E-03
+341.000E-03,-941.266E-03,+241.709E-03
+346.000E-03,-941.266E-03,+176.382E-03
+351.000E-03,-941.266E-03,+111.055E-03
+356.000E-03,-941.266E-03,+45.729E-03
+361.000E-03,-941.266E-03,-14.573E-03
+366.000E-03,-941.266E-03,-84.925E-03
+371.000E-03,-938.754E-03,-140.201E-03
+376.000E-03,-941.266E-03,-210.553E-03
+381.000E-03,-941.266E-03,-270.854E-03
+386.000E-03,-941.266E-03,-336.181E-03
+391.000E-03,-941.266E-03,-396.482E-03
+396.000E-03,-923.678E-03,-461.809E-03
+401.000E-03,-46.794E-03,-537.186E-03
+406.000E-03,-46.794E-03,-577.387E-03
+411.000E-03,-46.794E-03,-607.538E-03
+416.000E-03,-46.794E-03,-627.638E-03
+421.000E-03,-46.794E-03,-642.714E-03
+426.000E-03,-46.794E-03,-652.764E-03
+431.000E-03,-46.794E-03,-652.764E-03
+436.000E-03,-46.794E-03,-657.789E-03
+441.000E-03,-46.794E-03,-657.789E-03
+446.000E-03,-46.794E-03,-657.789E-03
+451.000E-03,-46.794E-03,-657.789E-03
+456.000E-03,-46.794E-03,-657.789E-03
+461.000E-03,-46.794E-03,-662.814E-03
+466.000E-03,-46.794E-03,-662.814E-03
+471.000E-03,-46.794E-03,-662.814E-03
+476.000E-03,-46.794E-03,-662.814E-03
+481.000E-03,-46.794E-03,-657.789E-03
+486.000E-03,-46.794E-03,-657.789E-03
+491.000E-03,-46.794E-03,-657.789E-03
+496.000E-03,-46.794E-03,-657.789E-03
+501.000E-03,-46.794E-03,-657.789E-03
+506.000E-03,-46.794E-03,-657.789E-03
+511.000E-03,-46.794E-03,-662.814E-03
+516.000E-03,-46.794E-03,-662.814E-03
+521.000E-03,-46.794E-03,-662.814E-03
+526.000E-03,-46.794E-03,-662.814E-03
+531.000E-03,-46.794E-03,-662.814E-03
+536.000E-03,-46.794E-03,-662.814E-03
+541.000E-03,-46.794E-03,-662.814E-03
+546.000E-03,-46.794E-03,-662.814E-03
+551.000E-03,-46.794E-03,-662.814E-03
+556.000E-03,-46.794E-03,-662.814E-03
+561.000E-03,-46.794E-03,-662.814E-03
+566.000E-03,-46.794E-03,-662.814E-03
+571.000E-03,-46.794E-03,-657.789E-03
+576.000E-03,-46.794E-03,-662.814E-03
+581.000E-03,-46.794E-03,-662.814E-03
+586.000E-03,-46.794E-03,-662.814E-03
+591.000E-03,-46.794E-03,-662.814E-03
+596.000E-03,-46.794E-03,-662.814E-03
+601.000E-03,-46.794E-03,-662.814E-03
+606.000E-03,-46.794E-03,-662.814E-03
+611.000E-03,-46.794E-03,-662.814E-03
+616.000E-03,-46.794E-03,-662.814E-03
+621.000E-03,-46.794E-03,-657.789E-03
+626.000E-03,-46.794E-03,-662.814E-03
+631.000E-03,-46.794E-03,-662.814E-03
+636.000E-03,-46.794E-03,-662.814E-03
+641.000E-03,-46.794E-03,-662.814E-03
+646.000E-03,-46.794E-03,-657.789E-03
+651.000E-03,-46.794E-03,-657.789E-03
+656.000E-03,-46.794E-03,-657.789E-03
+661.000E-03,-46.794E-03,-662.814E-03
+666.000E-03,-46.794E-03,-662.814E-03
+671.000E-03,-46.794E-03,-662.814E-03
+676.000E-03,-46.794E-03,-662.814E-03
+681.000E-03,-46.794E-03,-662.814E-03
+686.000E-03,-46.794E-03,-662.814E-03
+691.000E-03,-46.794E-03,-657.789E-03
+696.000E-03,-46.794E-03,-662.814E-03
+701.000E-03,-46.794E-03,-662.814E-03
+706.000E-03,-46.794E-03,-662.814E-03
+711.000E-03,-46.794E-03,-657.789E-03
+716.000E-03,-46.794E-03,-662.814E-03
+721.000E-03,-46.794E-03,-662.814E-03
+726.000E-03,-46.794E-03,-657.789E-03
+731.000E-03,-46.794E-03,-662.814E-03
+736.000E-03,-46.794E-03,-662.814E-03
+741.000E-03,-46.794E-03,-662.814E-03
+746.000E-03,-46.794E-03,-662.814E-03
+751.000E-03,-46.794E-03,-662.814E-03
+756.000E-03,-46.794E-03,-662.814E-03
+761.000E-03,-46.794E-03,-662.814E-03
+766.000E-03,-46.794E-03,-662.814E-03
+771.000E-03,-46.794E-03,-657.789E-03
+776.000E-03,-46.794E-03,-662.814E-03
+781.000E-03,-46.794E-03,-657.789E-03
+786.000E-03,-46.794E-03,-657.789E-03
+791.000E-03,-46.794E-03,-657.789E-03
+796.000E-03,-46.794E-03,-662.814E-03
+801.000E-03,-46.794E-03,-657.789E-03
+806.000E-03,-46.794E-03,-662.814E-03
+811.000E-03,-46.794E-03,-657.789E-03
+816.000E-03,-46.794E-03,-657.789E-03
+821.000E-03,-46.794E-03,-657.789E-03
+826.000E-03,-46.794E-03,-662.814E-03
+831.000E-03,-46.794E-03,-662.814E-03
+836.000E-03,-46.794E-03,-657.789E-03
+841.000E-03,-46.794E-03,-662.814E-03
+846.000E-03,-46.794E-03,-662.814E-03
+851.000E-03,-46.794E-03,-662.814E-03
+856.000E-03,-46.794E-03,-657.789E-03
+861.000E-03,-46.794E-03,-657.789E-03
+866.000E-03,-46.794E-03,-657.789E-03
+871.000E-03,-46.794E-03,-657.789E-03
+876.000E-03,-46.794E-03,-662.814E-03
+881.000E-03,-46.794E-03,-662.814E-03
+886.000E-03,-46.794E-03,-657.789E-03
+891.000E-03,-46.794E-03,-657.789E-03
+896.000E-03,-46.794E-03,-662.814E-03
+901.000E-03,-46.794E-03,-662.814E-03
+906.000E-03,-46.794E-03,-662.814E-03
+911.000E-03,-46.794E-03,-662.814E-03
+916.000E-03,-46.794E-03,-662.814E-03
+921.000E-03,-46.794E-03,-662.814E-03
+926.000E-03,-46.794E-03,-657.789E-03
+931.000E-03,-46.794E-03,-657.789E-03
+936.000E-03,-46.794E-03,-662.814E-03
+941.000E-03,-46.794E-03,-662.814E-03
+946.000E-03,-46.794E-03,-662.814E-03
+951.000E-03,-46.794E-03,-657.789E-03
+956.000E-03,-46.794E-03,-662.814E-03
+961.000E-03,-46.794E-03,-662.814E-03
+966.000E-03,-46.794E-03,-662.814E-03
+971.000E-03,-46.794E-03,-662.814E-03
+976.000E-03,-46.794E-03,-662.814E-03
+981.000E-03,-46.794E-03,-662.814E-03
+986.000E-03,-46.794E-03,-657.789E-03
+991.000E-03,-46.794E-03,-657.789E-03
+996.000E-03,-46.794E-03,-662.814E-03
+1.001000E+00,-46.794E-03,-662.814E-03
+1.006000E+00,-46.794E-03,-662.814E-03
+1.011000E+00,-46.794E-03,-662.814E-03
+1.016000E+00,-46.794E-03,-662.814E-03
+1.021000E+00,-46.794E-03,-662.814E-03
+1.026000E+00,-46.794E-03,-662.814E-03
+1.031000E+00,-46.794E-03,-662.814E-03
+1.036000E+00,-44.281E-03,-662.814E-03
+1.041000E+00,-46.794E-03,-662.814E-03
+1.046000E+00,-46.794E-03,-662.814E-03
+1.051000E+00,-46.794E-03,-657.789E-03
+1.056000E+00,-46.794E-03,-662.814E-03
+1.061000E+00,-46.794E-03,-662.814E-03
+1.066000E+00,-46.794E-03,-657.789E-03
+1.071000E+00,-46.794E-03,-662.814E-03
+1.076000E+00,-46.794E-03,-662.814E-03
+1.081000E+00,-46.794E-03,-662.814E-03
+1.086000E+00,-46.794E-03,-662.814E-03
+1.091000E+00,-46.794E-03,-662.814E-03
+1.096000E+00,-46.794E-03,-662.814E-03
+1.101000E+00,-46.794E-03,-657.789E-03
+1.106000E+00,-46.794E-03,-662.814E-03
+1.111000E+00,-46.794E-03,-662.814E-03
+1.116000E+00,-46.794E-03,-662.814E-03
+1.121000E+00,-46.794E-03,-662.814E-03
+1.126000E+00,-46.794E-03,-662.814E-03
+1.131000E+00,-44.281E-03,-662.814E-03
+1.136000E+00,-46.794E-03,-662.814E-03
+1.141000E+00,-44.281E-03,-662.814E-03
+1.146000E+00,-44.281E-03,-662.814E-03
+1.151000E+00,-46.794E-03,-662.814E-03
+1.156000E+00,-46.794E-03,-662.814E-03
+1.161000E+00,-46.794E-03,-657.789E-03
+1.166000E+00,-44.281E-03,-662.814E-03
+1.171000E+00,-46.794E-03,-662.814E-03
+1.176000E+00,-44.281E-03,-662.814E-03
+1.181000E+00,-44.281E-03,-657.789E-03
+1.186000E+00,-44.281E-03,-662.814E-03
+1.191000E+00,-46.794E-03,-662.814E-03
+1.196000E+00,-46.794E-03,-662.814E-03
+1.201000E+00,-938.754E-03,-657.789E-03
+1.206000E+00,-941.266E-03,-677.889E-03
+1.211000E+00,-938.754E-03,-703.015E-03
+1.216000E+00,-941.266E-03,-738.191E-03
+1.221000E+00,-938.754E-03,-788.442E-03
+1.226000E+00,-941.266E-03,-843.719E-03
+1.231000E+00,-938.754E-03,-893.970E-03
+1.236000E+00,-938.754E-03,-949.246E-03
+1.241000E+00,-938.754E-03,-1.009548E+00
+1.246000E+00,-938.754E-03,-1.069849E+00
+1.251000E+00,-938.754E-03,-1.130151E+00
+1.256000E+00,-938.754E-03,-1.195477E+00
+1.261000E+00,-938.754E-03,-1.250754E+00
+1.266000E+00,-941.266E-03,-1.321106E+00
+1.271000E+00,-938.754E-03,-1.381407E+00
+1.276000E+00,-941.266E-03,-1.441709E+00
+1.281000E+00,-941.266E-03,-1.507035E+00
+1.286000E+00,-941.266E-03,-1.572362E+00
+1.291000E+00,-938.754E-03,-1.632663E+00
+1.296000E+00,-938.754E-03,-1.703015E+00
+1.301000E+00,-938.754E-03,-1.763317E+00
+1.306000E+00,-938.754E-03,-1.838693E+00
+1.311000E+00,-938.754E-03,-1.898995E+00
+1.316000E+00,-938.754E-03,-1.964322E+00
+1.321000E+00,-938.754E-03,-2.034673E+00
+1.326000E+00,-938.754E-03,-2.094975E+00
+1.331000E+00,-938.754E-03,-2.165327E+00
+1.336000E+00,-938.754E-03,-2.225628E+00
+1.341000E+00,-938.754E-03,-2.295980E+00
+1.346000E+00,-938.754E-03,-2.361307E+00
+1.351000E+00,-938.754E-03,-2.431658E+00
+1.356000E+00,-938.754E-03,-2.496985E+00
+1.361000E+00,-938.754E-03,-2.562312E+00
+1.366000E+00,-941.266E-03,-2.632663E+00
+1.371000E+00,-938.754E-03,-2.692965E+00
+1.376000E+00,-938.754E-03,-2.768342E+00
+1.381000E+00,-941.266E-03,-2.823618E+00
+1.386000E+00,-938.754E-03,-2.893970E+00
+1.391000E+00,-941.266E-03,-2.959296E+00
+1.396000E+00,-941.266E-03,-3.024623E+00
+1.401000E+00,-941.266E-03,-3.089950E+00
+1.406000E+00,-938.754E-03,-3.160301E+00
+1.411000E+00,-938.754E-03,-3.220603E+00
+1.416000E+00,-941.266E-03,-3.290955E+00
+1.421000E+00,-941.266E-03,-3.351256E+00
+1.426000E+00,-941.266E-03,-3.421608E+00
+1.431000E+00,-941.266E-03,-3.491960E+00
+1.436000E+00,-941.266E-03,-3.552261E+00
+1.441000E+00,-941.266E-03,-3.617588E+00
+1.446000E+00,-938.754E-03,-3.682915E+00
+1.451000E+00,-941.266E-03,-3.748241E+00
+1.456000E+00,-938.754E-03,-3.813568E+00
+1.461000E+00,-938.754E-03,-3.878894E+00
+1.466000E+00,-938.754E-03,-3.944221E+00
+1.471000E+00,-938.754E-03,-4.014573E+00
+1.476000E+00,-941.266E-03,-4.079899E+00
+1.481000E+00,-938.754E-03,-4.145226E+00
+1.486000E+00,-938.754E-03,-4.215578E+00
+1.491000E+00,-941.266E-03,-4.280904E+00
+1.496000E+00,-941.266E-03,-4.341206E+00
+1.501000E+00,-46.794E-03,-4.416583E+00
+1.506000E+00,-46.794E-03,-4.456784E+00
+1.511000E+00,-46.794E-03,-4.481910E+00
+1.516000E+00,-46.794E-03,-4.502010E+00
+1.521000E+00,-46.794E-03,-4.512060E+00
+1.526000E+00,-46.794E-03,-4.522111E+00
+1.531000E+00,-46.794E-03,-4.522111E+00
+1.536000E+00,-46.794E-03,-4.522111E+00
+1.541000E+00,-46.794E-03,-4.527136E+00
+1.546000E+00,-46.794E-03,-4.527136E+00
+1.551000E+00,-46.794E-03,-4.527136E+00
+1.556000E+00,-46.794E-03,-4.527136E+00
+1.561000E+00,-46.794E-03,-4.527136E+00
+1.566000E+00,-46.794E-03,-4.527136E+00
+1.571000E+00,-46.794E-03,-4.527136E+00
+1.576000E+00,-46.794E-03,-4.527136E+00
+1.581000E+00,-46.794E-03,-4.527136E+00
+1.586000E+00,-46.794E-03,-4.527136E+00
+1.591000E+00,-46.794E-03,-4.527136E+00
+1.596000E+00,-46.794E-03,-4.527136E+00
+1.601000E+00,-46.794E-03,-4.527136E+00
+1.606000E+00,-46.794E-03,-4.527136E+00
+1.611000E+00,-46.794E-03,-4.527136E+00
+1.616000E+00,-46.794E-03,-4.527136E+00
+1.621000E+00,-46.794E-03,-4.527136E+00
+1.626000E+00,-46.794E-03,-4.527136E+00
+1.631000E+00,-46.794E-03,-4.527136E+00
+1.636000E+00,-46.794E-03,-4.527136E+00
+1.641000E+00,-46.794E-03,-4.527136E+00
+1.646000E+00,-46.794E-03,-4.527136E+00
+1.651000E+00,-46.794E-03,-4.527136E+00
+1.656000E+00,-46.794E-03,-4.527136E+00
+1.661000E+00,-46.794E-03,-4.527136E+00
+1.666000E+00,-46.794E-03,-4.527136E+00
+1.671000E+00,-46.794E-03,-4.527136E+00
+1.676000E+00,-46.794E-03,-4.527136E+00
+1.681000E+00,-46.794E-03,-4.522111E+00
+1.686000E+00,-46.794E-03,-4.522111E+00
+1.691000E+00,-46.794E-03,-4.522111E+00
+1.696000E+00,-46.794E-03,-4.522111E+00
+1.701000E+00,-46.794E-03,-4.522111E+00
+1.706000E+00,-46.794E-03,-4.522111E+00
+1.711000E+00,-46.794E-03,-4.522111E+00
+1.716000E+00,-44.281E-03,-4.522111E+00
+1.721000E+00,-46.794E-03,-4.522111E+00
+1.726000E+00,-46.794E-03,-4.522111E+00
+1.731000E+00,-46.794E-03,-4.522111E+00
+1.736000E+00,-46.794E-03,-4.522111E+00
+1.741000E+00,-46.794E-03,-4.522111E+00
+1.746000E+00,-46.794E-03,-4.527136E+00
+1.751000E+00,-46.794E-03,-4.522111E+00
+1.756000E+00,-46.794E-03,-4.522111E+00
+1.761000E+00,-46.794E-03,-4.522111E+00
+1.766000E+00,-46.794E-03,-4.522111E+00
+1.771000E+00,-46.794E-03,-4.522111E+00
+1.776000E+00,-46.794E-03,-4.522111E+00
+1.781000E+00,-46.794E-03,-4.522111E+00
+1.786000E+00,-46.794E-03,-4.522111E+00
+1.791000E+00,-46.794E-03,-4.522111E+00
+1.796000E+00,-46.794E-03,-4.522111E+00
+1.801000E+00,-46.794E-03,-4.522111E+00
+1.806000E+00,-46.794E-03,-4.522111E+00
+1.811000E+00,-46.794E-03,-4.522111E+00
+1.816000E+00,-46.794E-03,-4.522111E+00
+1.821000E+00,-46.794E-03,-4.522111E+00
+1.826000E+00,-46.794E-03,-4.522111E+00
+1.831000E+00,-46.794E-03,-4.522111E+00
+1.836000E+00,-46.794E-03,-4.522111E+00
+1.841000E+00,-46.794E-03,-4.522111E+00
+1.846000E+00,-46.794E-03,-4.522111E+00
+1.851000E+00,-46.794E-03,-4.522111E+00
+1.856000E+00,-46.794E-03,-4.522111E+00
+1.861000E+00,-46.794E-03,-4.522111E+00
+1.866000E+00,-46.794E-03,-4.522111E+00
+1.871000E+00,-46.794E-03,-4.522111E+00
+1.876000E+00,-46.794E-03,-4.522111E+00
+1.881000E+00,-46.794E-03,-4.522111E+00
+1.886000E+00,-46.794E-03,-4.522111E+00
+1.891000E+00,-46.794E-03,-4.522111E+00
+1.896000E+00,-46.794E-03,-4.522111E+00
+1.901000E+00,-46.794E-03,-4.522111E+00
+1.906000E+00,-46.794E-03,-4.527136E+00
+1.911000E+00,-46.794E-03,-4.522111E+00
+1.916000E+00,-46.794E-03,-4.522111E+00
+1.921000E+00,-46.794E-03,-4.522111E+00
+1.926000E+00,-46.794E-03,-4.522111E+00
+1.931000E+00,-46.794E-03,-4.522111E+00
+1.936000E+00,-46.794E-03,-4.522111E+00
+1.941000E+00,-46.794E-03,-4.522111E+00
+1.946000E+00,-46.794E-03,-4.522111E+00
+1.951000E+00,-46.794E-03,-4.522111E+00
+1.956000E+00,-46.794E-03,-4.522111E+00
+1.961000E+00,-46.794E-03,-4.527136E+00
+1.966000E+00,-46.794E-03,-4.522111E+00
+1.971000E+00,-46.794E-03,-4.522111E+00
+1.976000E+00,-44.281E-03,-4.522111E+00
+1.981000E+00,-46.794E-03,-4.522111E+00
+1.986000E+00,-46.794E-03,-4.522111E+00
+1.991000E+00,-46.794E-03,-4.522111E+00
+1.996000E+00,-46.794E-03,-4.522111E+00
+2.001000E+00,-46.794E-03,-4.522111E+00
+2.006000E+00,-46.794E-03,-4.522111E+00
+2.011000E+00,-46.794E-03,-4.522111E+00
+2.016000E+00,-46.794E-03,-4.522111E+00
+2.021000E+00,-46.794E-03,-4.522111E+00
+2.026000E+00,-46.794E-03,-4.522111E+00
+2.031000E+00,-46.794E-03,-4.522111E+00
+2.036000E+00,-46.794E-03,-4.522111E+00
+2.041000E+00,-46.794E-03,-4.522111E+00
+2.046000E+00,-46.794E-03,-4.522111E+00
+2.051000E+00,-46.794E-03,-4.522111E+00
+2.056000E+00,-46.794E-03,-4.522111E+00
+2.061000E+00,-46.794E-03,-4.522111E+00
+2.066000E+00,-46.794E-03,-4.522111E+00
+2.071000E+00,-46.794E-03,-4.522111E+00
+2.076000E+00,-46.794E-03,-4.522111E+00
+2.081000E+00,-46.794E-03,-4.522111E+00
+2.086000E+00,-46.794E-03,-4.522111E+00
+2.091000E+00,-46.794E-03,-4.522111E+00
+2.096000E+00,-46.794E-03,-4.522111E+00
+2.101000E+00,-46.794E-03,-4.522111E+00
+2.106000E+00,-46.794E-03,-4.522111E+00
+2.111000E+00,-46.794E-03,-4.522111E+00
+2.116000E+00,-46.794E-03,-4.522111E+00
+2.121000E+00,-46.794E-03,-4.522111E+00
+2.126000E+00,-46.794E-03,-4.522111E+00
+2.131000E+00,-46.794E-03,-4.522111E+00
+2.136000E+00,-46.794E-03,-4.522111E+00
+2.141000E+00,-46.794E-03,-4.522111E+00
+2.146000E+00,-46.794E-03,-4.522111E+00
+2.151000E+00,-46.794E-03,-4.522111E+00
+2.156000E+00,-46.794E-03,-4.522111E+00
+2.161000E+00,-44.281E-03,-4.522111E+00
+2.166000E+00,-46.794E-03,-4.522111E+00
+2.171000E+00,-46.794E-03,-4.522111E+00
+2.176000E+00,-46.794E-03,-4.522111E+00
+2.181000E+00,-46.794E-03,-4.522111E+00
+2.186000E+00,-44.281E-03,-4.522111E+00
+2.191000E+00,-46.794E-03,-4.522111E+00
+2.196000E+00,-46.794E-03,-4.522111E+00
+2.201000E+00,-46.794E-03,-4.522111E+00
+2.206000E+00,-44.281E-03,-4.522111E+00
+2.211000E+00,-46.794E-03,-4.522111E+00
+2.216000E+00,-46.794E-03,-4.522111E+00
+2.221000E+00,-46.794E-03,-4.522111E+00
+2.226000E+00,-46.794E-03,-4.522111E+00
+2.231000E+00,-46.794E-03,-4.522111E+00
+2.236000E+00,-46.794E-03,-4.522111E+00
+2.241000E+00,-46.794E-03,-4.522111E+00
+2.246000E+00,-46.794E-03,-4.522111E+00
+2.251000E+00,-46.794E-03,-4.522111E+00
+2.256000E+00,-46.794E-03,-4.522111E+00
+2.261000E+00,-46.794E-03,-4.522111E+00
+2.266000E+00,-46.794E-03,-4.522111E+00
+2.271000E+00,-46.794E-03,-4.522111E+00
+2.276000E+00,-46.794E-03,-4.522111E+00
+2.281000E+00,-46.794E-03,-4.522111E+00
+2.286000E+00,-46.794E-03,-4.522111E+00
+2.291000E+00,-46.794E-03,-4.522111E+00
+2.296000E+00,-46.794E-03,-4.522111E+00
+2.301000E+00,+865.266E-03,-4.532161E+00
+2.306000E+00,+865.266E-03,-4.537186E+00
+2.311000E+00,+865.266E-03,-4.512060E+00
+2.316000E+00,+862.754E-03,-4.471859E+00
+2.321000E+00,+862.754E-03,-4.426633E+00
+2.326000E+00,+865.266E-03,-4.381407E+00
+2.331000E+00,+865.266E-03,-4.331156E+00
+2.336000E+00,+862.754E-03,-4.275879E+00
+2.341000E+00,+862.754E-03,-4.215578E+00
+2.346000E+00,+865.266E-03,-4.165327E+00
+2.351000E+00,+862.754E-03,-4.094975E+00
+2.356000E+00,+862.754E-03,-4.039698E+00
+2.361000E+00,+862.754E-03,-3.974372E+00
+2.366000E+00,+862.754E-03,-3.909045E+00
+2.371000E+00,+862.754E-03,-3.853769E+00
+2.376000E+00,+862.754E-03,-3.783417E+00
+2.381000E+00,+862.754E-03,-3.723116E+00
+2.386000E+00,+862.754E-03,-3.662814E+00
+2.391000E+00,+865.266E-03,-3.602513E+00
+2.396000E+00,+862.754E-03,-3.532161E+00
+2.401000E+00,+865.266E-03,-3.476884E+00
+2.406000E+00,+862.754E-03,-3.406533E+00
+2.411000E+00,+862.754E-03,-3.346231E+00
+2.416000E+00,+862.754E-03,-3.280904E+00
+2.421000E+00,+862.754E-03,-3.215578E+00
+2.426000E+00,+862.754E-03,-3.155276E+00
+2.431000E+00,+862.754E-03,-3.089950E+00
+2.436000E+00,+862.754E-03,-3.029648E+00
+2.441000E+00,+862.754E-03,-2.964322E+00
+2.446000E+00,+862.754E-03,-2.904020E+00
+2.451000E+00,+862.754E-03,-2.838693E+00
+2.456000E+00,+862.754E-03,-2.778392E+00
+2.461000E+00,+862.754E-03,-2.708040E+00
+2.466000E+00,+862.754E-03,-2.652764E+00
+2.471000E+00,+862.754E-03,-2.587437E+00
+2.476000E+00,+862.754E-03,-2.522111E+00
+2.481000E+00,+865.266E-03,-2.451759E+00
+2.486000E+00,+862.754E-03,-2.391457E+00
+2.491000E+00,+862.754E-03,-2.321106E+00
+2.496000E+00,+862.754E-03,-2.260804E+00
+2.501000E+00,+862.754E-03,-2.195477E+00
+2.506000E+00,+862.754E-03,-2.135176E+00
+2.511000E+00,+862.754E-03,-2.069849E+00
+2.516000E+00,+862.754E-03,-2.004523E+00
+2.521000E+00,+862.754E-03,-1.944221E+00
+2.526000E+00,+862.754E-03,-1.878894E+00
+2.531000E+00,+862.754E-03,-1.813568E+00
+2.536000E+00,+862.754E-03,-1.748241E+00
+2.541000E+00,+862.754E-03,-1.682915E+00
+2.546000E+00,+862.754E-03,-1.622613E+00
+2.551000E+00,+862.754E-03,-1.557286E+00
+2.556000E+00,+865.266E-03,-1.491960E+00
+2.561000E+00,+862.754E-03,-1.426633E+00
+2.566000E+00,+865.266E-03,-1.366332E+00
+2.571000E+00,+862.754E-03,-1.306030E+00
+2.576000E+00,+862.754E-03,-1.240704E+00
+2.581000E+00,+862.754E-03,-1.185427E+00
+2.586000E+00,+862.754E-03,-1.120100E+00
+2.591000E+00,+862.754E-03,-1.059799E+00
+2.596000E+00,+862.754E-03,-994.472E-03
+2.601000E+00,-46.794E-03,-929.146E-03
+2.606000E+00,-46.794E-03,-878.894E-03
+2.611000E+00,-46.794E-03,-853.769E-03
+2.616000E+00,-46.794E-03,-838.693E-03
+2.621000E+00,-46.794E-03,-833.668E-03
+2.626000E+00,-46.794E-03,-818.593E-03
+2.631000E+00,-46.794E-03,-813.568E-03
+2.636000E+00,-46.794E-03,-813.568E-03
+2.641000E+00,-46.794E-03,-813.568E-03
+2.646000E+00,-46.794E-03,-813.568E-03
+2.651000E+00,-46.794E-03,-813.568E-03
+2.656000E+00,-46.794E-03,-813.568E-03
+2.661000E+00,-46.794E-03,-813.568E-03
+2.666000E+00,-46.794E-03,-813.568E-03
+2.671000E+00,-46.794E-03,-808.543E-03
+2.676000E+00,-46.794E-03,-808.543E-03
+2.681000E+00,-46.794E-03,-808.543E-03
+2.686000E+00,-46.794E-03,-808.543E-03
+2.691000E+00,-46.794E-03,-808.543E-03
+2.696000E+00,-46.794E-03,-808.543E-03
+2.701000E+00,-46.794E-03,-808.543E-03
+2.706000E+00,-46.794E-03,-808.543E-03
+2.711000E+00,-46.794E-03,-813.568E-03
+2.716000E+00,-46.794E-03,-813.568E-03
+2.721000E+00,-46.794E-03,-808.543E-03
+2.726000E+00,-46.794E-03,-808.543E-03
+2.731000E+00,-46.794E-03,-808.543E-03
+2.736000E+00,-46.794E-03,-808.543E-03
+2.741000E+00,-46.794E-03,-803.518E-03
+2.746000E+00,-46.794E-03,-803.518E-03
+2.751000E+00,-46.794E-03,-803.518E-03
+2.756000E+00,-46.794E-03,-803.518E-03
+2.761000E+00,-46.794E-03,-803.518E-03
+2.766000E+00,-46.794E-03,-803.518E-03
+2.771000E+00,-46.794E-03,-808.543E-03
+2.776000E+00,-46.794E-03,-803.518E-03
+2.781000E+00,-46.794E-03,-803.518E-03
+2.786000E+00,-46.794E-03,-803.518E-03
+2.791000E+00,-46.794E-03,-803.518E-03
+2.796000E+00,-46.794E-03,-803.518E-03
+2.801000E+00,-46.794E-03,-803.518E-03
+2.806000E+00,-46.794E-03,-803.518E-03
+2.811000E+00,-46.794E-03,-803.518E-03
+2.816000E+00,-46.794E-03,-803.518E-03
+2.821000E+00,-46.794E-03,-803.518E-03
+2.826000E+00,-46.794E-03,-808.543E-03
+2.831000E+00,-46.794E-03,-803.518E-03
+2.836000E+00,-46.794E-03,-803.518E-03
+2.841000E+00,-44.281E-03,-803.518E-03
+2.846000E+00,-46.794E-03,-803.518E-03
+2.851000E+00,-46.794E-03,-803.518E-03
+2.856000E+00,-46.794E-03,-803.518E-03
+2.861000E+00,-46.794E-03,-803.518E-03
+2.866000E+00,-46.794E-03,-803.518E-03
+2.871000E+00,-46.794E-03,-803.518E-03
+2.876000E+00,-46.794E-03,-803.518E-03
+2.881000E+00,-46.794E-03,-803.518E-03
+2.886000E+00,-46.794E-03,-803.518E-03
+2.891000E+00,-46.794E-03,-803.518E-03
+2.896000E+00,-46.794E-03,-803.518E-03
+2.901000E+00,-46.794E-03,-803.518E-03
+2.906000E+00,-46.794E-03,-808.543E-03
+2.911000E+00,-46.794E-03,-803.518E-03
+2.916000E+00,-46.794E-03,-803.518E-03
+2.921000E+00,-46.794E-03,-808.543E-03
+2.926000E+00,-44.281E-03,-803.518E-03
+2.931000E+00,-46.794E-03,-803.518E-03
+2.936000E+00,-44.281E-03,-803.518E-03
+2.941000E+00,-46.794E-03,-803.518E-03
+2.946000E+00,-46.794E-03,-803.518E-03
+2.951000E+00,-44.281E-03,-803.518E-03
+2.956000E+00,-46.794E-03,-803.518E-03
+2.961000E+00,-44.281E-03,-803.518E-03
+2.966000E+00,-46.794E-03,-803.518E-03
+2.971000E+00,-46.794E-03,-803.518E-03
+2.976000E+00,-46.794E-03,-803.518E-03
+2.981000E+00,-46.794E-03,-803.518E-03
+2.986000E+00,-46.794E-03,-808.543E-03
+2.991000E+00,-46.794E-03,-803.518E-03
+2.996000E+00,-46.794E-03,-808.543E-03
+3.001000E+00,-46.794E-03,-803.518E-03
+3.006000E+00,-46.794E-03,-803.518E-03
+3.011000E+00,-46.794E-03,-803.518E-03
+3.016000E+00,-46.794E-03,-803.518E-03
+3.021000E+00,-46.794E-03,-803.518E-03
+3.026000E+00,-46.794E-03,-803.518E-03
+3.031000E+00,-46.794E-03,-803.518E-03
+3.036000E+00,-46.794E-03,-803.518E-03
+3.041000E+00,-46.794E-03,-803.518E-03
+3.046000E+00,-46.794E-03,-803.518E-03
+3.051000E+00,-46.794E-03,-808.543E-03
+3.056000E+00,-46.794E-03,-803.518E-03
+3.061000E+00,-46.794E-03,-803.518E-03
+3.066000E+00,-46.794E-03,-803.518E-03
+3.071000E+00,-46.794E-03,-803.518E-03
+3.076000E+00,-46.794E-03,-803.518E-03
+3.081000E+00,-46.794E-03,-803.518E-03
+3.086000E+00,-44.281E-03,-803.518E-03
+3.091000E+00,-46.794E-03,-803.518E-03
+3.096000E+00,-46.794E-03,-808.543E-03
+3.101000E+00,-46.794E-03,-803.518E-03
+3.106000E+00,-46.794E-03,-803.518E-03
+3.111000E+00,-44.281E-03,-803.518E-03
+3.116000E+00,-44.281E-03,-803.518E-03
+3.121000E+00,-46.794E-03,-803.518E-03
+3.126000E+00,-46.794E-03,-803.518E-03
+3.131000E+00,-46.794E-03,-803.518E-03
+3.136000E+00,-46.794E-03,-803.518E-03
+3.141000E+00,-46.794E-03,-803.518E-03
+3.146000E+00,-46.794E-03,-803.518E-03
+3.151000E+00,-46.794E-03,-803.518E-03
+3.156000E+00,-46.794E-03,-803.518E-03
+3.161000E+00,-46.794E-03,-803.518E-03
+3.166000E+00,-46.794E-03,-803.518E-03
+3.171000E+00,-46.794E-03,-803.518E-03
+3.176000E+00,-46.794E-03,-803.518E-03
+3.181000E+00,-46.794E-03,-803.518E-03
+3.186000E+00,-46.794E-03,-803.518E-03
+3.191000E+00,-46.794E-03,-803.518E-03
+3.196000E+00,-46.794E-03,-803.518E-03
+3.201000E+00,-46.794E-03,-803.518E-03
+3.206000E+00,-46.794E-03,-803.518E-03
+3.211000E+00,-46.794E-03,-803.518E-03
+3.216000E+00,-46.794E-03,-803.518E-03
+3.221000E+00,-46.794E-03,-803.518E-03
+3.226000E+00,-46.794E-03,-808.543E-03
+3.231000E+00,-46.794E-03,-803.518E-03
+3.236000E+00,-46.794E-03,-803.518E-03
+3.241000E+00,-46.794E-03,-803.518E-03
+3.246000E+00,-46.794E-03,-803.518E-03
+3.251000E+00,-46.794E-03,-808.543E-03
+3.256000E+00,-46.794E-03,-803.518E-03
+3.261000E+00,-46.794E-03,-803.518E-03
+3.266000E+00,-46.794E-03,-803.518E-03
+3.271000E+00,-44.281E-03,-808.543E-03
+3.276000E+00,-46.794E-03,-803.518E-03
+3.281000E+00,-46.794E-03,-803.518E-03
+3.286000E+00,-46.794E-03,-803.518E-03
+3.291000E+00,-46.794E-03,-803.518E-03
+3.296000E+00,-46.794E-03,-803.518E-03
+3.301000E+00,-46.794E-03,-803.518E-03
+3.306000E+00,-46.794E-03,-803.518E-03
+3.311000E+00,-46.794E-03,-803.518E-03
+3.316000E+00,-46.794E-03,-803.518E-03
+3.321000E+00,-46.794E-03,-803.518E-03
+3.326000E+00,-46.794E-03,-803.518E-03
+3.331000E+00,-46.794E-03,-803.518E-03
+3.336000E+00,-46.794E-03,-803.518E-03
+3.341000E+00,-46.794E-03,-803.518E-03
+3.346000E+00,-46.794E-03,-803.518E-03
+3.351000E+00,-46.794E-03,-803.518E-03
+3.356000E+00,-46.794E-03,-803.518E-03
+3.361000E+00,-46.794E-03,-803.518E-03
+3.366000E+00,-46.794E-03,-803.518E-03
+3.371000E+00,-46.794E-03,-803.518E-03
+3.376000E+00,-46.794E-03,-803.518E-03
+3.381000E+00,-46.794E-03,-803.518E-03
+3.386000E+00,-46.794E-03,-803.518E-03
+3.391000E+00,-46.794E-03,-803.518E-03
+3.396000E+00,-26.693E-03,-803.518E-03
+3.401000E+00,+865.266E-03,-813.568E-03
+3.406000E+00,+865.266E-03,-808.543E-03
+3.411000E+00,+865.266E-03,-778.392E-03
+3.416000E+00,+865.266E-03,-733.166E-03
+3.421000E+00,+862.754E-03,-687.940E-03
+3.426000E+00,+862.754E-03,-637.688E-03
+3.431000E+00,+862.754E-03,-577.387E-03
+3.436000E+00,+862.754E-03,-522.111E-03
+3.441000E+00,+862.754E-03,-461.809E-03
+3.446000E+00,+862.754E-03,-401.508E-03
+3.451000E+00,+862.754E-03,-341.206E-03
+3.456000E+00,+865.266E-03,-285.930E-03
+3.461000E+00,+862.754E-03,-215.578E-03
+3.466000E+00,+862.754E-03,-155.276E-03
+3.471000E+00,+862.754E-03,-94.975E-03
+3.476000E+00,+862.754E-03,-34.673E-03
+3.481000E+00,+865.266E-03,+30.653E-03
+3.486000E+00,+862.754E-03,+90.955E-03
+3.491000E+00,+865.266E-03,+156.281E-03
+3.496000E+00,+865.266E-03,+216.583E-03
+3.501000E+00,+865.266E-03,+281.910E-03
+3.506000E+00,+862.754E-03,+347.236E-03
+3.511000E+00,+862.754E-03,+412.563E-03
+3.516000E+00,+865.266E-03,+472.864E-03
+3.521000E+00,+862.754E-03,+543.216E-03
+3.526000E+00,+865.266E-03,+598.492E-03
+3.531000E+00,+865.266E-03,+668.844E-03
+3.536000E+00,+865.266E-03,+729.146E-03
+3.541000E+00,+862.754E-03,+794.472E-03
+3.546000E+00,+862.754E-03,+854.774E-03
+3.551000E+00,+862.754E-03,+920.100E-03
+3.556000E+00,+862.754E-03,+980.402E-03
+3.561000E+00,+862.754E-03,+1.040704E+00
+3.566000E+00,+862.754E-03,+1.106030E+00
+3.571000E+00,+862.754E-03,+1.166332E+00
+3.576000E+00,+862.754E-03,+1.226633E+00
+3.581000E+00,+862.754E-03,+1.281910E+00
+3.586000E+00,+862.754E-03,+1.352261E+00
+3.591000E+00,+862.754E-03,+1.407538E+00
+3.596000E+00,+862.754E-03,+1.467839E+00
+3.601000E+00,+862.754E-03,+1.528141E+00
+3.606000E+00,+862.754E-03,+1.593467E+00
+3.611000E+00,+862.754E-03,+1.648744E+00
+3.616000E+00,+862.754E-03,+1.719095E+00
+3.621000E+00,+862.754E-03,+1.774372E+00
+3.626000E+00,+862.754E-03,+1.844724E+00
+3.631000E+00,+862.754E-03,+1.905025E+00
+3.636000E+00,+862.754E-03,+1.965327E+00
+3.641000E+00,+865.266E-03,+2.030653E+00
+3.646000E+00,+862.754E-03,+2.090955E+00
+3.651000E+00,+862.754E-03,+2.156281E+00
+3.656000E+00,+862.754E-03,+2.221608E+00
+3.661000E+00,+862.754E-03,+2.286935E+00
+3.666000E+00,+862.754E-03,+2.352261E+00
+3.671000E+00,+862.754E-03,+2.412563E+00
+3.676000E+00,+862.754E-03,+2.477889E+00
+3.681000E+00,+862.754E-03,+2.543216E+00
+3.686000E+00,+862.754E-03,+2.603518E+00
+3.691000E+00,+862.754E-03,+2.668844E+00
+3.696000E+00,+862.754E-03,+2.729146E+00
+3.701000E+00,-46.794E-03,+2.799497E+00
+3.706000E+00,-46.794E-03,+2.844724E+00
+3.711000E+00,-46.794E-03,+2.869849E+00
+3.716000E+00,-46.794E-03,+2.884925E+00
+3.721000E+00,-46.794E-03,+2.900000E+00
+3.726000E+00,-46.794E-03,+2.905025E+00
+3.731000E+00,-46.794E-03,+2.905025E+00
+3.736000E+00,-46.794E-03,+2.910050E+00
+3.741000E+00,-46.794E-03,+2.910050E+00
+3.746000E+00,-46.794E-03,+2.910050E+00
+3.751000E+00,-46.794E-03,+2.910050E+00
+3.756000E+00,-46.794E-03,+2.910050E+00
+3.761000E+00,-46.794E-03,+2.910050E+00
+3.766000E+00,-46.794E-03,+2.910050E+00
+3.771000E+00,-46.794E-03,+2.910050E+00
+3.776000E+00,-46.794E-03,+2.910050E+00
+3.781000E+00,-46.794E-03,+2.910050E+00
+3.786000E+00,-46.794E-03,+2.910050E+00
+3.791000E+00,-46.794E-03,+2.910050E+00
+3.796000E+00,-46.794E-03,+2.910050E+00
+3.801000E+00,-46.794E-03,+2.910050E+00
+3.806000E+00,-46.794E-03,+2.910050E+00
+3.811000E+00,-46.794E-03,+2.910050E+00
+3.816000E+00,-46.794E-03,+2.910050E+00
+3.821000E+00,-46.794E-03,+2.910050E+00
+3.826000E+00,-46.794E-03,+2.910050E+00
+3.831000E+00,-46.794E-03,+2.910050E+00
+3.836000E+00,-46.794E-03,+2.910050E+00
+3.841000E+00,-46.794E-03,+2.910050E+00
+3.846000E+00,-46.794E-03,+2.910050E+00
+3.851000E+00,-46.794E-03,+2.910050E+00
+3.856000E+00,-46.794E-03,+2.905025E+00
+3.861000E+00,-46.794E-03,+2.910050E+00
+3.866000E+00,-46.794E-03,+2.910050E+00
+3.871000E+00,-46.794E-03,+2.910050E+00
+3.876000E+00,-46.794E-03,+2.910050E+00
+3.881000E+00,-46.794E-03,+2.910050E+00
+3.886000E+00,-46.794E-03,+2.910050E+00
+3.891000E+00,-46.794E-03,+2.910050E+00
+3.896000E+00,-46.794E-03,+2.910050E+00
+3.901000E+00,-46.794E-03,+2.910050E+00
+3.906000E+00,-46.794E-03,+2.910050E+00
+3.911000E+00,-46.794E-03,+2.910050E+00
+3.916000E+00,-46.794E-03,+2.910050E+00
+3.921000E+00,-46.794E-03,+2.910050E+00
+3.926000E+00,-46.794E-03,+2.910050E+00
+3.931000E+00,-46.794E-03,+2.910050E+00
+3.936000E+00,-46.794E-03,+2.910050E+00
+3.941000E+00,-46.794E-03,+2.910050E+00
+3.946000E+00,-46.794E-03,+2.910050E+00
+3.951000E+00,-46.794E-03,+2.910050E+00
+3.956000E+00,-46.794E-03,+2.910050E+00
+3.961000E+00,-46.794E-03,+2.910050E+00
+3.966000E+00,-46.794E-03,+2.910050E+00
+3.971000E+00,-46.794E-03,+2.910050E+00
+3.976000E+00,-46.794E-03,+2.910050E+00
+3.981000E+00,-46.794E-03,+2.910050E+00
+3.986000E+00,-46.794E-03,+2.910050E+00
+3.991000E+00,-46.794E-03,+2.915075E+00
+3.996000E+00,-46.794E-03,+2.910050E+00
+4.001000E+00,-46.794E-03,+2.910050E+00
+4.006000E+00,-46.794E-03,+2.910050E+00
+4.011000E+00,-46.794E-03,+2.910050E+00
+4.016000E+00,-46.794E-03,+2.910050E+00
+4.021000E+00,-46.794E-03,+2.910050E+00
+4.026000E+00,-46.794E-03,+2.910050E+00
+4.031000E+00,-46.794E-03,+2.910050E+00
+4.036000E+00,-46.794E-03,+2.910050E+00
+4.041000E+00,-46.794E-03,+2.910050E+00
+4.046000E+00,-46.794E-03,+2.910050E+00
+4.051000E+00,-46.794E-03,+2.910050E+00
+4.056000E+00,-46.794E-03,+2.910050E+00
+4.061000E+00,-46.794E-03,+2.910050E+00
+4.066000E+00,-46.794E-03,+2.910050E+00
+4.071000E+00,-46.794E-03,+2.910050E+00
+4.076000E+00,-46.794E-03,+2.910050E+00
+4.081000E+00,-46.794E-03,+2.910050E+00
+4.086000E+00,-46.794E-03,+2.910050E+00
+4.091000E+00,-46.794E-03,+2.910050E+00
+4.096000E+00,-46.794E-03,+2.910050E+00
+4.101000E+00,-46.794E-03,+2.910050E+00
+4.106000E+00,-46.794E-03,+2.910050E+00
+4.111000E+00,-46.794E-03,+2.910050E+00
+4.116000E+00,-46.794E-03,+2.910050E+00
+4.121000E+00,-46.794E-03,+2.910050E+00
+4.126000E+00,-46.794E-03,+2.910050E+00
+4.131000E+00,-46.794E-03,+2.910050E+00
+4.136000E+00,-46.794E-03,+2.910050E+00
+4.141000E+00,-46.794E-03,+2.910050E+00
+4.146000E+00,-46.794E-03,+2.910050E+00
+4.151000E+00,-46.794E-03,+2.910050E+00
